OriginalName,DatabaseName,Participant,SessionID,Timestamp,VideoTime,Value
Green video (pNRpAtLg40s&amp;ab_channel) - 60,FF931349-2BF8-1C2A-EB85-91BBD63C9C46_1,AFBD0AAD-1BDF-8565-A237-A9ECFB836308,3F42D4A0-0925-D21C-6B35-064180FE8157,1682629071540,0,0
Green video (pNRpAtLg40s&amp;ab_channel) - 60,FF931349-2BF8-1C2A-EB85-91BBD63C9C46_1,AFBD0AAD-1BDF-8565-A237-A9ECFB836308,3F42D4A0-0925-D21C-6B35-064180FE8157,1682629076636,5133,1
Green video (pNRpAtLg40s&amp;ab_channel) - 60,FF931349-2BF8-1C2A-EB85-91BBD63C9C46_1,AFBD0AAD-1BDF-8565-A237-A9ECFB836308,3F42D4A0-0925-D21C-6B35-064180FE8157,1682629079153,7650,0
Green video (pNRpAtLg40s&amp;ab_channel) - 60,FF931349-2BF8-1C2A-EB85-91BBD63C9C46_1,AFBD0AAD-1BDF-8565-A237-A9ECFB836308,3F42D4A0-0925-D21C-6B35-064180FE8157,1682629080272,8769,1
Green video (pNRpAtLg40s&amp;ab_channel) - 60,FF931349-2BF8-1C2A-EB85-91BBD63C9C46_1,AFBD0AAD-1BDF-8565-A237-A9ECFB836308,3F42D4A0-0925-D21C-6B35-064180FE8157,1682629080639,9136,0
Green video (pNRpAtLg40s&amp;ab_channel) - 60,FF931349-2BF8-1C2A-EB85-91BBD63C9C46_1,AFBD0AAD-1BDF-8565-A237-A9ECFB836308,3F42D4A0-0925-D21C-6B35-064180FE8157,1682629084109,12606,-1
Green video (pNRpAtLg40s&amp;ab_channel) - 60,FF931349-2BF8-1C2A-EB85-91BBD63C9C46_1,AFBD0AAD-1BDF-8565-A237-A9ECFB836308,3F42D4A0-0925-D21C-6B35-064180FE8157,1682629088194,16691,0
Green video (pNRpAtLg40s&amp;ab_channel) - 60,FF931349-2BF8-1C2A-EB85-91BBD63C9C46_1,AFBD0AAD-1BDF-8565-A237-A9ECFB836308,3F42D4A0-0925-D21C-6B35-064180FE8157,1682629096152,24648,-1
Green video (pNRpAtLg40s&amp;ab_channel) - 60,FF931349-2BF8-1C2A-EB85-91BBD63C9C46_1,AFBD0AAD-1BDF-8565-A237-A9ECFB836308,3F42D4A0-0925-D21C-6B35-064180FE8157,1682629100490,28988,-2
Green video (pNRpAtLg40s&amp;ab_channel) - 60,FF931349-2BF8-1C2A-EB85-91BBD63C9C46_1,AFBD0AAD-1BDF-8565-A237-A9ECFB836308,3F42D4A0-0925-D21C-6B35-064180FE8157,1682629101239,29736,-3
Green video (pNRpAtLg40s&amp;ab_channel) - 60,FF931349-2BF8-1C2A-EB85-91BBD63C9C46_1,AFBD0AAD-1BDF-8565-A237-A9ECFB836308,3F42D4A0-0925-D21C-6B35-064180FE8157,1682629101306,29804,-4
Green video (pNRpAtLg40s&amp;ab_channel) - 60,FF931349-2BF8-1C2A-EB85-91BBD63C9C46_1,AFBD0AAD-1BDF-8565-A237-A9ECFB836308,3F42D4A0-0925-D21C-6B35-064180FE8157,1682629104826,33322,-3
Green video (pNRpAtLg40s&amp;ab_channel) - 60,FF931349-2BF8-1C2A-EB85-91BBD63C9C46_1,AFBD0AAD-1BDF-8565-A237-A9ECFB836308,3F42D4A0-0925-D21C-6B35-064180FE8157,1682629105209,33706,-2
Green video (pNRpAtLg40s&amp;ab_channel) - 60,FF931349-2BF8-1C2A-EB85-91BBD63C9C46_1,AFBD0AAD-1BDF-8565-A237-A9ECFB836308,3F42D4A0-0925-D21C-6B35-064180FE8157,1682629105309,33806,-1
Green video (pNRpAtLg40s&amp;ab_channel) - 60,FF931349-2BF8-1C2A-EB85-91BBD63C9C46_1,AFBD0AAD-1BDF-8565-A237-A9ECFB836308,3F42D4A0-0925-D21C-6B35-064180FE8157,1682629106212,34709,0
Green video (pNRpAtLg40s&amp;ab_channel) - 60,FF931349-2BF8-1C2A-EB85-91BBD63C9C46_1,AFBD0AAD-1BDF-8565-A237-A9ECFB836308,3F42D4A0-0925-D21C-6B35-064180FE8157,1682629109565,38062,1
Green video (pNRpAtLg40s&amp;ab_channel) - 60,FF931349-2BF8-1C2A-EB85-91BBD63C9C46_1,AFBD0AAD-1BDF-8565-A237-A9ECFB836308,3F42D4A0-0925-D21C-6B35-064180FE8157,1682629111715,40212,2
Green video (pNRpAtLg40s&amp;ab_channel) - 60,FF931349-2BF8-1C2A-EB85-91BBD63C9C46_1,AFBD0AAD-1BDF-8565-A237-A9ECFB836308,3F42D4A0-0925-D21C-6B35-064180FE8157,1682629113852,42349,3
Green video (pNRpAtLg40s&amp;ab_channel) - 60,FF931349-2BF8-1C2A-EB85-91BBD63C9C46_1,AFBD0AAD-1BDF-8565-A237-A9ECFB836308,3F42D4A0-0925-D21C-6B35-064180FE8157,1682629115620,44118,4
Green video (pNRpAtLg40s&amp;ab_channel) - 60,FF931349-2BF8-1C2A-EB85-91BBD63C9C46_1,AFBD0AAD-1BDF-8565-A237-A9ECFB836308,3F42D4A0-0925-D21C-6B35-064180FE8157,1682629120242,48738,3
Green video (pNRpAtLg40s&amp;ab_channel) - 60,FF931349-2BF8-1C2A-EB85-91BBD63C9C46_1,AFBD0AAD-1BDF-8565-A237-A9ECFB836308,3F42D4A0-0925-D21C-6B35-064180FE8157,1682629121759,50257,2
Green video (pNRpAtLg40s&amp;ab_channel) - 60,FF931349-2BF8-1C2A-EB85-91BBD63C9C46_1,AFBD0AAD-1BDF-8565-A237-A9ECFB836308,3F42D4A0-0925-D21C-6B35-064180FE8157,1682629124355,52852,1
Green video (pNRpAtLg40s&amp;ab_channel) - 60,FF931349-2BF8-1C2A-EB85-91BBD63C9C46_1,AFBD0AAD-1BDF-8565-A237-A9ECFB836308,3F42D4A0-0925-D21C-6B35-064180FE8157,1682629124855,53352,0
Green video (pNRpAtLg40s&amp;ab_channel) - 60,FF931349-2BF8-1C2A-EB85-91BBD63C9C46_1,AFBD0AAD-1BDF-8565-A237-A9ECFB836308,3F42D4A0-0925-D21C-6B35-064180FE8157,1682629125306,53802,-1
Green video (pNRpAtLg40s&amp;ab_channel) - 60,FF931349-2BF8-1C2A-EB85-91BBD63C9C46_1,AFBD0AAD-1BDF-8565-A237-A9ECFB836308,3F42D4A0-0925-D21C-6B35-064180FE8157,1682629125355,53851,-2
Green video (pNRpAtLg40s&amp;ab_channel) - 60,FF931349-2BF8-1C2A-EB85-91BBD63C9C46_1,AFBD0AAD-1BDF-8565-A237-A9ECFB836308,3F42D4A0-0925-D21C-6B35-064180FE8157,1682629125672,54169,-3
Green video (pNRpAtLg40s&amp;ab_channel) - 60,FF931349-2BF8-1C2A-EB85-91BBD63C9C46_1,AFBD0AAD-1BDF-8565-A237-A9ECFB836308,3F42D4A0-0925-D21C-6B35-064180FE8157,1682629126606,55103,-4
Green video (pNRpAtLg40s&amp;ab_channel) - 60,FF931349-2BF8-1C2A-EB85-91BBD63C9C46_1,AFBD0AAD-1BDF-8565-A237-A9ECFB836308,3F42D4A0-0925-D21C-6B35-064180FE8157,1682629127507,56005,-5
Green video (pNRpAtLg40s&amp;ab_channel) - 60,FF931349-2BF8-1C2A-EB85-91BBD63C9C46_1,AFBD0AAD-1BDF-8565-A237-A9ECFB836308,3F42D4A0-0925-D21C-6B35-064180FE8157,1682629134529,60009,0
Green video (pNRpAtLg40s&amp;ab_channel) - 60.021,FF931349-2BF8-1C2A-EB85-91BBD63C9C46_1,1037189E-291A-31FF-C8B5-63569DE332A9,3B7EAEB4-595D-03CC-248A-EF3C45D5C84E,1682702405509,0,0
Green video (pNRpAtLg40s&amp;ab_channel) - 60.021,FF931349-2BF8-1C2A-EB85-91BBD63C9C46_1,1037189E-291A-31FF-C8B5-63569DE332A9,3B7EAEB4-595D-03CC-248A-EF3C45D5C84E,1682702406760,1162,1
Green video (pNRpAtLg40s&amp;ab_channel) - 60.021,FF931349-2BF8-1C2A-EB85-91BBD63C9C46_1,1037189E-291A-31FF-C8B5-63569DE332A9,3B7EAEB4-595D-03CC-248A-EF3C45D5C84E,1682702407093,1494,2
Green video (pNRpAtLg40s&amp;ab_channel) - 60.021,FF931349-2BF8-1C2A-EB85-91BBD63C9C46_1,1037189E-291A-31FF-C8B5-63569DE332A9,3B7EAEB4-595D-03CC-248A-EF3C45D5C84E,1682702407892,2294,3
Green video (pNRpAtLg40s&amp;ab_channel) - 60.021,FF931349-2BF8-1C2A-EB85-91BBD63C9C46_1,1037189E-291A-31FF-C8B5-63569DE332A9,3B7EAEB4-595D-03CC-248A-EF3C45D5C84E,1682702408609,3009,4
Green video (pNRpAtLg40s&amp;ab_channel) - 60.021,FF931349-2BF8-1C2A-EB85-91BBD63C9C46_1,1037189E-291A-31FF-C8B5-63569DE332A9,3B7EAEB4-595D-03CC-248A-EF3C45D5C84E,1682702408960,3360,5
Green video (pNRpAtLg40s&amp;ab_channel) - 60.021,FF931349-2BF8-1C2A-EB85-91BBD63C9C46_1,1037189E-291A-31FF-C8B5-63569DE332A9,3B7EAEB4-595D-03CC-248A-EF3C45D5C84E,1682702409743,4145,6
Green video (pNRpAtLg40s&amp;ab_channel) - 60.021,FF931349-2BF8-1C2A-EB85-91BBD63C9C46_1,1037189E-291A-31FF-C8B5-63569DE332A9,3B7EAEB4-595D-03CC-248A-EF3C45D5C84E,1682702410209,4610,7
Green video (pNRpAtLg40s&amp;ab_channel) - 60.021,FF931349-2BF8-1C2A-EB85-91BBD63C9C46_1,1037189E-291A-31FF-C8B5-63569DE332A9,3B7EAEB4-595D-03CC-248A-EF3C45D5C84E,1682702411210,5611,6
Green video (pNRpAtLg40s&amp;ab_channel) - 60.021,FF931349-2BF8-1C2A-EB85-91BBD63C9C46_1,1037189E-291A-31FF-C8B5-63569DE332A9,3B7EAEB4-595D-03CC-248A-EF3C45D5C84E,1682702411643,6045,5
Green video (pNRpAtLg40s&amp;ab_channel) - 60.021,FF931349-2BF8-1C2A-EB85-91BBD63C9C46_1,1037189E-291A-31FF-C8B5-63569DE332A9,3B7EAEB4-595D-03CC-248A-EF3C45D5C84E,1682702411992,6394,4
Green video (pNRpAtLg40s&amp;ab_channel) - 60.021,FF931349-2BF8-1C2A-EB85-91BBD63C9C46_1,1037189E-291A-31FF-C8B5-63569DE332A9,3B7EAEB4-595D-03CC-248A-EF3C45D5C84E,1682702412145,6546,3
Green video (pNRpAtLg40s&amp;ab_channel) - 60.021,FF931349-2BF8-1C2A-EB85-91BBD63C9C46_1,1037189E-291A-31FF-C8B5-63569DE332A9,3B7EAEB4-595D-03CC-248A-EF3C45D5C84E,1682702412259,6660,2
Green video (pNRpAtLg40s&amp;ab_channel) - 60.021,FF931349-2BF8-1C2A-EB85-91BBD63C9C46_1,1037189E-291A-31FF-C8B5-63569DE332A9,3B7EAEB4-595D-03CC-248A-EF3C45D5C84E,1682702412326,6727,1
Green video (pNRpAtLg40s&amp;ab_channel) - 60.021,FF931349-2BF8-1C2A-EB85-91BBD63C9C46_1,1037189E-291A-31FF-C8B5-63569DE332A9,3B7EAEB4-595D-03CC-248A-EF3C45D5C84E,1682702413526,7927,0
Green video (pNRpAtLg40s&amp;ab_channel) - 60.021,FF931349-2BF8-1C2A-EB85-91BBD63C9C46_1,1037189E-291A-31FF-C8B5-63569DE332A9,3B7EAEB4-595D-03CC-248A-EF3C45D5C84E,1682702414176,8576,-1
Green video (pNRpAtLg40s&amp;ab_channel) - 60.021,FF931349-2BF8-1C2A-EB85-91BBD63C9C46_1,1037189E-291A-31FF-C8B5-63569DE332A9,3B7EAEB4-595D-03CC-248A-EF3C45D5C84E,1682702414460,8862,-2
Green video (pNRpAtLg40s&amp;ab_channel) - 60.021,FF931349-2BF8-1C2A-EB85-91BBD63C9C46_1,1037189E-291A-31FF-C8B5-63569DE332A9,3B7EAEB4-595D-03CC-248A-EF3C45D5C84E,1682702414843,9245,-3
Green video (pNRpAtLg40s&amp;ab_channel) - 60.021,FF931349-2BF8-1C2A-EB85-91BBD63C9C46_1,1037189E-291A-31FF-C8B5-63569DE332A9,3B7EAEB4-595D-03CC-248A-EF3C45D5C84E,1682702415343,9743,-4
Green video (pNRpAtLg40s&amp;ab_channel) - 60.021,FF931349-2BF8-1C2A-EB85-91BBD63C9C46_1,1037189E-291A-31FF-C8B5-63569DE332A9,3B7EAEB4-595D-03CC-248A-EF3C45D5C84E,1682702415460,9860,-5
Green video (pNRpAtLg40s&amp;ab_channel) - 60.021,FF931349-2BF8-1C2A-EB85-91BBD63C9C46_1,1037189E-291A-31FF-C8B5-63569DE332A9,3B7EAEB4-595D-03CC-248A-EF3C45D5C84E,1682702415859,10260,-6
Green video (pNRpAtLg40s&amp;ab_channel) - 60.021,FF931349-2BF8-1C2A-EB85-91BBD63C9C46_1,1037189E-291A-31FF-C8B5-63569DE332A9,3B7EAEB4-595D-03CC-248A-EF3C45D5C84E,1682702416426,10827,-7
Green video (pNRpAtLg40s&amp;ab_channel) - 60.021,FF931349-2BF8-1C2A-EB85-91BBD63C9C46_1,1037189E-291A-31FF-C8B5-63569DE332A9,3B7EAEB4-595D-03CC-248A-EF3C45D5C84E,1682702416459,10860,-8
Green video (pNRpAtLg40s&amp;ab_channel) - 60.021,FF931349-2BF8-1C2A-EB85-91BBD63C9C46_1,1037189E-291A-31FF-C8B5-63569DE332A9,3B7EAEB4-595D-03CC-248A-EF3C45D5C84E,1682702416493,10894,-9
Green video (pNRpAtLg40s&amp;ab_channel) - 60.021,FF931349-2BF8-1C2A-EB85-91BBD63C9C46_1,1037189E-291A-31FF-C8B5-63569DE332A9,3B7EAEB4-595D-03CC-248A-EF3C45D5C84E,1682702416661,11063,-10
Green video (pNRpAtLg40s&amp;ab_channel) - 60.021,FF931349-2BF8-1C2A-EB85-91BBD63C9C46_1,1037189E-291A-31FF-C8B5-63569DE332A9,3B7EAEB4-595D-03CC-248A-EF3C45D5C84E,1682702417243,11645,-11
Green video (pNRpAtLg40s&amp;ab_channel) - 60.021,FF931349-2BF8-1C2A-EB85-91BBD63C9C46_1,1037189E-291A-31FF-C8B5-63569DE332A9,3B7EAEB4-595D-03CC-248A-EF3C45D5C84E,1682702417259,11661,-12
Green video (pNRpAtLg40s&amp;ab_channel) - 60.021,FF931349-2BF8-1C2A-EB85-91BBD63C9C46_1,1037189E-291A-31FF-C8B5-63569DE332A9,3B7EAEB4-595D-03CC-248A-EF3C45D5C84E,1682702417309,11711,-13
Green video (pNRpAtLg40s&amp;ab_channel) - 60.021,FF931349-2BF8-1C2A-EB85-91BBD63C9C46_1,1037189E-291A-31FF-C8B5-63569DE332A9,3B7EAEB4-595D-03CC-248A-EF3C45D5C84E,1682702417876,12277,-14
Green video (pNRpAtLg40s&amp;ab_channel) - 60.021,FF931349-2BF8-1C2A-EB85-91BBD63C9C46_1,1037189E-291A-31FF-C8B5-63569DE332A9,3B7EAEB4-595D-03CC-248A-EF3C45D5C84E,1682702417910,12311,-15
Green video (pNRpAtLg40s&amp;ab_channel) - 60.021,FF931349-2BF8-1C2A-EB85-91BBD63C9C46_1,1037189E-291A-31FF-C8B5-63569DE332A9,3B7EAEB4-595D-03CC-248A-EF3C45D5C84E,1682702417943,12344,-16
Green video (pNRpAtLg40s&amp;ab_channel) - 60.021,FF931349-2BF8-1C2A-EB85-91BBD63C9C46_1,1037189E-291A-31FF-C8B5-63569DE332A9,3B7EAEB4-595D-03CC-248A-EF3C45D5C84E,1682702418359,12760,-17
Green video (pNRpAtLg40s&amp;ab_channel) - 60.021,FF931349-2BF8-1C2A-EB85-91BBD63C9C46_1,1037189E-291A-31FF-C8B5-63569DE332A9,3B7EAEB4-595D-03CC-248A-EF3C45D5C84E,1682702418409,12810,-18
Green video (pNRpAtLg40s&amp;ab_channel) - 60.021,FF931349-2BF8-1C2A-EB85-91BBD63C9C46_1,1037189E-291A-31FF-C8B5-63569DE332A9,3B7EAEB4-595D-03CC-248A-EF3C45D5C84E,1682702419076,13477,-19
Green video (pNRpAtLg40s&amp;ab_channel) - 60.021,FF931349-2BF8-1C2A-EB85-91BBD63C9C46_1,1037189E-291A-31FF-C8B5-63569DE332A9,3B7EAEB4-595D-03CC-248A-EF3C45D5C84E,1682702419409,13810,-20
Green video (pNRpAtLg40s&amp;ab_channel) - 60.021,FF931349-2BF8-1C2A-EB85-91BBD63C9C46_1,1037189E-291A-31FF-C8B5-63569DE332A9,3B7EAEB4-595D-03CC-248A-EF3C45D5C84E,1682702419492,13893,-21
Green video (pNRpAtLg40s&amp;ab_channel) - 60.021,FF931349-2BF8-1C2A-EB85-91BBD63C9C46_1,1037189E-291A-31FF-C8B5-63569DE332A9,3B7EAEB4-595D-03CC-248A-EF3C45D5C84E,1682702421741,16142,-20
Green video (pNRpAtLg40s&amp;ab_channel) - 60.021,FF931349-2BF8-1C2A-EB85-91BBD63C9C46_1,1037189E-291A-31FF-C8B5-63569DE332A9,3B7EAEB4-595D-03CC-248A-EF3C45D5C84E,1682702422193,16592,-19
Green video (pNRpAtLg40s&amp;ab_channel) - 60.021,FF931349-2BF8-1C2A-EB85-91BBD63C9C46_1,1037189E-291A-31FF-C8B5-63569DE332A9,3B7EAEB4-595D-03CC-248A-EF3C45D5C84E,1682702422626,17028,-18
Green video (pNRpAtLg40s&amp;ab_channel) - 60.021,FF931349-2BF8-1C2A-EB85-91BBD63C9C46_1,1037189E-291A-31FF-C8B5-63569DE332A9,3B7EAEB4-595D-03CC-248A-EF3C45D5C84E,1682702423076,17477,-17
Green video (pNRpAtLg40s&amp;ab_channel) - 60.021,FF931349-2BF8-1C2A-EB85-91BBD63C9C46_1,1037189E-291A-31FF-C8B5-63569DE332A9,3B7EAEB4-595D-03CC-248A-EF3C45D5C84E,1682702423110,17511,-16
Green video (pNRpAtLg40s&amp;ab_channel) - 60.021,FF931349-2BF8-1C2A-EB85-91BBD63C9C46_1,1037189E-291A-31FF-C8B5-63569DE332A9,3B7EAEB4-595D-03CC-248A-EF3C45D5C84E,1682702423177,17578,-15
Green video (pNRpAtLg40s&amp;ab_channel) - 60.021,FF931349-2BF8-1C2A-EB85-91BBD63C9C46_1,1037189E-291A-31FF-C8B5-63569DE332A9,3B7EAEB4-595D-03CC-248A-EF3C45D5C84E,1682702423309,17710,-14
Green video (pNRpAtLg40s&amp;ab_channel) - 60.021,FF931349-2BF8-1C2A-EB85-91BBD63C9C46_1,1037189E-291A-31FF-C8B5-63569DE332A9,3B7EAEB4-595D-03CC-248A-EF3C45D5C84E,1682702423411,17812,-13
Green video (pNRpAtLg40s&amp;ab_channel) - 60.021,FF931349-2BF8-1C2A-EB85-91BBD63C9C46_1,1037189E-291A-31FF-C8B5-63569DE332A9,3B7EAEB4-595D-03CC-248A-EF3C45D5C84E,1682702423527,17928,-12
Green video (pNRpAtLg40s&amp;ab_channel) - 60.021,FF931349-2BF8-1C2A-EB85-91BBD63C9C46_1,1037189E-291A-31FF-C8B5-63569DE332A9,3B7EAEB4-595D-03CC-248A-EF3C45D5C84E,1682702423843,18244,-11
Green video (pNRpAtLg40s&amp;ab_channel) - 60.021,FF931349-2BF8-1C2A-EB85-91BBD63C9C46_1,1037189E-291A-31FF-C8B5-63569DE332A9,3B7EAEB4-595D-03CC-248A-EF3C45D5C84E,1682702423875,18276,-10
Green video (pNRpAtLg40s&amp;ab_channel) - 60.021,FF931349-2BF8-1C2A-EB85-91BBD63C9C46_1,1037189E-291A-31FF-C8B5-63569DE332A9,3B7EAEB4-595D-03CC-248A-EF3C45D5C84E,1682702423911,18312,-9
Green video (pNRpAtLg40s&amp;ab_channel) - 60.021,FF931349-2BF8-1C2A-EB85-91BBD63C9C46_1,1037189E-291A-31FF-C8B5-63569DE332A9,3B7EAEB4-595D-03CC-248A-EF3C45D5C84E,1682702423943,18344,-8
Green video (pNRpAtLg40s&amp;ab_channel) - 60.021,FF931349-2BF8-1C2A-EB85-91BBD63C9C46_1,1037189E-291A-31FF-C8B5-63569DE332A9,3B7EAEB4-595D-03CC-248A-EF3C45D5C84E,1682702423976,18377,-7
Green video (pNRpAtLg40s&amp;ab_channel) - 60.021,FF931349-2BF8-1C2A-EB85-91BBD63C9C46_1,1037189E-291A-31FF-C8B5-63569DE332A9,3B7EAEB4-595D-03CC-248A-EF3C45D5C84E,1682702424076,18477,-6
Green video (pNRpAtLg40s&amp;ab_channel) - 60.021,FF931349-2BF8-1C2A-EB85-91BBD63C9C46_1,1037189E-291A-31FF-C8B5-63569DE332A9,3B7EAEB4-595D-03CC-248A-EF3C45D5C84E,1682702424460,18862,-5
Green video (pNRpAtLg40s&amp;ab_channel) - 60.021,FF931349-2BF8-1C2A-EB85-91BBD63C9C46_1,1037189E-291A-31FF-C8B5-63569DE332A9,3B7EAEB4-595D-03CC-248A-EF3C45D5C84E,1682702424493,18895,-4
Green video (pNRpAtLg40s&amp;ab_channel) - 60.021,FF931349-2BF8-1C2A-EB85-91BBD63C9C46_1,1037189E-291A-31FF-C8B5-63569DE332A9,3B7EAEB4-595D-03CC-248A-EF3C45D5C84E,1682702424576,18978,-3
Green video (pNRpAtLg40s&amp;ab_channel) - 60.021,FF931349-2BF8-1C2A-EB85-91BBD63C9C46_1,1037189E-291A-31FF-C8B5-63569DE332A9,3B7EAEB4-595D-03CC-248A-EF3C45D5C84E,1682702425094,19495,-2
Green video (pNRpAtLg40s&amp;ab_channel) - 60.021,FF931349-2BF8-1C2A-EB85-91BBD63C9C46_1,1037189E-291A-31FF-C8B5-63569DE332A9,3B7EAEB4-595D-03CC-248A-EF3C45D5C84E,1682702425343,19744,-1
Green video (pNRpAtLg40s&amp;ab_channel) - 60.021,FF931349-2BF8-1C2A-EB85-91BBD63C9C46_1,1037189E-291A-31FF-C8B5-63569DE332A9,3B7EAEB4-595D-03CC-248A-EF3C45D5C84E,1682702425459,19860,0
Green video (pNRpAtLg40s&amp;ab_channel) - 60.021,FF931349-2BF8-1C2A-EB85-91BBD63C9C46_1,1037189E-291A-31FF-C8B5-63569DE332A9,3B7EAEB4-595D-03CC-248A-EF3C45D5C84E,1682702425625,20023,1
Green video (pNRpAtLg40s&amp;ab_channel) - 60.021,FF931349-2BF8-1C2A-EB85-91BBD63C9C46_1,1037189E-291A-31FF-C8B5-63569DE332A9,3B7EAEB4-595D-03CC-248A-EF3C45D5C84E,1682702426127,20529,2
Green video (pNRpAtLg40s&amp;ab_channel) - 60.021,FF931349-2BF8-1C2A-EB85-91BBD63C9C46_1,1037189E-291A-31FF-C8B5-63569DE332A9,3B7EAEB4-595D-03CC-248A-EF3C45D5C84E,1682702426193,20594,3
Green video (pNRpAtLg40s&amp;ab_channel) - 60.021,FF931349-2BF8-1C2A-EB85-91BBD63C9C46_1,1037189E-291A-31FF-C8B5-63569DE332A9,3B7EAEB4-595D-03CC-248A-EF3C45D5C84E,1682702426259,20660,4
Green video (pNRpAtLg40s&amp;ab_channel) - 60.021,FF931349-2BF8-1C2A-EB85-91BBD63C9C46_1,1037189E-291A-31FF-C8B5-63569DE332A9,3B7EAEB4-595D-03CC-248A-EF3C45D5C84E,1682702426627,21029,5
Green video (pNRpAtLg40s&amp;ab_channel) - 60.021,FF931349-2BF8-1C2A-EB85-91BBD63C9C46_1,1037189E-291A-31FF-C8B5-63569DE332A9,3B7EAEB4-595D-03CC-248A-EF3C45D5C84E,1682702426742,21143,6
Green video (pNRpAtLg40s&amp;ab_channel) - 60.021,FF931349-2BF8-1C2A-EB85-91BBD63C9C46_1,1037189E-291A-31FF-C8B5-63569DE332A9,3B7EAEB4-595D-03CC-248A-EF3C45D5C84E,1682702427226,21627,7
Green video (pNRpAtLg40s&amp;ab_channel) - 60.021,FF931349-2BF8-1C2A-EB85-91BBD63C9C46_1,1037189E-291A-31FF-C8B5-63569DE332A9,3B7EAEB4-595D-03CC-248A-EF3C45D5C84E,1682702427277,21679,8
Green video (pNRpAtLg40s&amp;ab_channel) - 60.021,FF931349-2BF8-1C2A-EB85-91BBD63C9C46_1,1037189E-291A-31FF-C8B5-63569DE332A9,3B7EAEB4-595D-03CC-248A-EF3C45D5C84E,1682702427509,21911,9
Green video (pNRpAtLg40s&amp;ab_channel) - 60.021,FF931349-2BF8-1C2A-EB85-91BBD63C9C46_1,1037189E-291A-31FF-C8B5-63569DE332A9,3B7EAEB4-595D-03CC-248A-EF3C45D5C84E,1682702427609,22009,10
Green video (pNRpAtLg40s&amp;ab_channel) - 60.021,FF931349-2BF8-1C2A-EB85-91BBD63C9C46_1,1037189E-291A-31FF-C8B5-63569DE332A9,3B7EAEB4-595D-03CC-248A-EF3C45D5C84E,1682702428327,22728,11
Green video (pNRpAtLg40s&amp;ab_channel) - 60.021,FF931349-2BF8-1C2A-EB85-91BBD63C9C46_1,1037189E-291A-31FF-C8B5-63569DE332A9,3B7EAEB4-595D-03CC-248A-EF3C45D5C84E,1682702428509,22910,12
Green video (pNRpAtLg40s&amp;ab_channel) - 60.021,FF931349-2BF8-1C2A-EB85-91BBD63C9C46_1,1037189E-291A-31FF-C8B5-63569DE332A9,3B7EAEB4-595D-03CC-248A-EF3C45D5C84E,1682702428777,23179,13
Green video (pNRpAtLg40s&amp;ab_channel) - 60.021,FF931349-2BF8-1C2A-EB85-91BBD63C9C46_1,1037189E-291A-31FF-C8B5-63569DE332A9,3B7EAEB4-595D-03CC-248A-EF3C45D5C84E,1682702429094,23496,12
Green video (pNRpAtLg40s&amp;ab_channel) - 60.021,FF931349-2BF8-1C2A-EB85-91BBD63C9C46_1,1037189E-291A-31FF-C8B5-63569DE332A9,3B7EAEB4-595D-03CC-248A-EF3C45D5C84E,1682702429142,23544,11
Green video (pNRpAtLg40s&amp;ab_channel) - 60.021,FF931349-2BF8-1C2A-EB85-91BBD63C9C46_1,1037189E-291A-31FF-C8B5-63569DE332A9,3B7EAEB4-595D-03CC-248A-EF3C45D5C84E,1682702429228,23630,10
Green video (pNRpAtLg40s&amp;ab_channel) - 60.021,FF931349-2BF8-1C2A-EB85-91BBD63C9C46_1,1037189E-291A-31FF-C8B5-63569DE332A9,3B7EAEB4-595D-03CC-248A-EF3C45D5C84E,1682702429294,23696,9
Green video (pNRpAtLg40s&amp;ab_channel) - 60.021,FF931349-2BF8-1C2A-EB85-91BBD63C9C46_1,1037189E-291A-31FF-C8B5-63569DE332A9,3B7EAEB4-595D-03CC-248A-EF3C45D5C84E,1682702429777,24177,8
Green video (pNRpAtLg40s&amp;ab_channel) - 60.021,FF931349-2BF8-1C2A-EB85-91BBD63C9C46_1,1037189E-291A-31FF-C8B5-63569DE332A9,3B7EAEB4-595D-03CC-248A-EF3C45D5C84E,1682702429795,24195,7
Green video (pNRpAtLg40s&amp;ab_channel) - 60.021,FF931349-2BF8-1C2A-EB85-91BBD63C9C46_1,1037189E-291A-31FF-C8B5-63569DE332A9,3B7EAEB4-595D-03CC-248A-EF3C45D5C84E,1682702429827,24229,6
Green video (pNRpAtLg40s&amp;ab_channel) - 60.021,FF931349-2BF8-1C2A-EB85-91BBD63C9C46_1,1037189E-291A-31FF-C8B5-63569DE332A9,3B7EAEB4-595D-03CC-248A-EF3C45D5C84E,1682702429910,24312,5
Green video (pNRpAtLg40s&amp;ab_channel) - 60.021,FF931349-2BF8-1C2A-EB85-91BBD63C9C46_1,1037189E-291A-31FF-C8B5-63569DE332A9,3B7EAEB4-595D-03CC-248A-EF3C45D5C84E,1682702430210,24611,4
Green video (pNRpAtLg40s&amp;ab_channel) - 60.021,FF931349-2BF8-1C2A-EB85-91BBD63C9C46_1,1037189E-291A-31FF-C8B5-63569DE332A9,3B7EAEB4-595D-03CC-248A-EF3C45D5C84E,1682702430259,24660,3
Green video (pNRpAtLg40s&amp;ab_channel) - 60.021,FF931349-2BF8-1C2A-EB85-91BBD63C9C46_1,1037189E-291A-31FF-C8B5-63569DE332A9,3B7EAEB4-595D-03CC-248A-EF3C45D5C84E,1682702430594,24996,2
Green video (pNRpAtLg40s&amp;ab_channel) - 60.021,FF931349-2BF8-1C2A-EB85-91BBD63C9C46_1,1037189E-291A-31FF-C8B5-63569DE332A9,3B7EAEB4-595D-03CC-248A-EF3C45D5C84E,1682702430627,25029,1
Green video (pNRpAtLg40s&amp;ab_channel) - 60.021,FF931349-2BF8-1C2A-EB85-91BBD63C9C46_1,1037189E-291A-31FF-C8B5-63569DE332A9,3B7EAEB4-595D-03CC-248A-EF3C45D5C84E,1682702431077,25478,0
Green video (pNRpAtLg40s&amp;ab_channel) - 60.021,FF931349-2BF8-1C2A-EB85-91BBD63C9C46_1,1037189E-291A-31FF-C8B5-63569DE332A9,3B7EAEB4-595D-03CC-248A-EF3C45D5C84E,1682702431110,25511,-1
Green video (pNRpAtLg40s&amp;ab_channel) - 60.021,FF931349-2BF8-1C2A-EB85-91BBD63C9C46_1,1037189E-291A-31FF-C8B5-63569DE332A9,3B7EAEB4-595D-03CC-248A-EF3C45D5C84E,1682702431426,25827,-2
Green video (pNRpAtLg40s&amp;ab_channel) - 60.021,FF931349-2BF8-1C2A-EB85-91BBD63C9C46_1,1037189E-291A-31FF-C8B5-63569DE332A9,3B7EAEB4-595D-03CC-248A-EF3C45D5C84E,1682702431442,25843,-3
Green video (pNRpAtLg40s&amp;ab_channel) - 60.021,FF931349-2BF8-1C2A-EB85-91BBD63C9C46_1,1037189E-291A-31FF-C8B5-63569DE332A9,3B7EAEB4-595D-03CC-248A-EF3C45D5C84E,1682702431475,25876,-4
Green video (pNRpAtLg40s&amp;ab_channel) - 60.021,FF931349-2BF8-1C2A-EB85-91BBD63C9C46_1,1037189E-291A-31FF-C8B5-63569DE332A9,3B7EAEB4-595D-03CC-248A-EF3C45D5C84E,1682702431610,26012,-5
Green video (pNRpAtLg40s&amp;ab_channel) - 60.021,FF931349-2BF8-1C2A-EB85-91BBD63C9C46_1,1037189E-291A-31FF-C8B5-63569DE332A9,3B7EAEB4-595D-03CC-248A-EF3C45D5C84E,1682702431843,26245,-6
Green video (pNRpAtLg40s&amp;ab_channel) - 60.021,FF931349-2BF8-1C2A-EB85-91BBD63C9C46_1,1037189E-291A-31FF-C8B5-63569DE332A9,3B7EAEB4-595D-03CC-248A-EF3C45D5C84E,1682702431892,26294,-7
Green video (pNRpAtLg40s&amp;ab_channel) - 60.021,FF931349-2BF8-1C2A-EB85-91BBD63C9C46_1,1037189E-291A-31FF-C8B5-63569DE332A9,3B7EAEB4-595D-03CC-248A-EF3C45D5C84E,1682702432477,26877,-8
Green video (pNRpAtLg40s&amp;ab_channel) - 60.021,FF931349-2BF8-1C2A-EB85-91BBD63C9C46_1,1037189E-291A-31FF-C8B5-63569DE332A9,3B7EAEB4-595D-03CC-248A-EF3C45D5C84E,1682702434210,28611,-9
Green video (pNRpAtLg40s&amp;ab_channel) - 60.021,FF931349-2BF8-1C2A-EB85-91BBD63C9C46_1,1037189E-291A-31FF-C8B5-63569DE332A9,3B7EAEB4-595D-03CC-248A-EF3C45D5C84E,1682702434343,28744,-10
Green video (pNRpAtLg40s&amp;ab_channel) - 60.021,FF931349-2BF8-1C2A-EB85-91BBD63C9C46_1,1037189E-291A-31FF-C8B5-63569DE332A9,3B7EAEB4-595D-03CC-248A-EF3C45D5C84E,1682702434409,28810,-11
Green video (pNRpAtLg40s&amp;ab_channel) - 60.021,FF931349-2BF8-1C2A-EB85-91BBD63C9C46_1,1037189E-291A-31FF-C8B5-63569DE332A9,3B7EAEB4-595D-03CC-248A-EF3C45D5C84E,1682702434543,28944,-12
Green video (pNRpAtLg40s&amp;ab_channel) - 60.021,FF931349-2BF8-1C2A-EB85-91BBD63C9C46_1,1037189E-291A-31FF-C8B5-63569DE332A9,3B7EAEB4-595D-03CC-248A-EF3C45D5C84E,1682702434875,29277,-13
Green video (pNRpAtLg40s&amp;ab_channel) - 60.021,FF931349-2BF8-1C2A-EB85-91BBD63C9C46_1,1037189E-291A-31FF-C8B5-63569DE332A9,3B7EAEB4-595D-03CC-248A-EF3C45D5C84E,1682702434893,29295,-14
Green video (pNRpAtLg40s&amp;ab_channel) - 60.021,FF931349-2BF8-1C2A-EB85-91BBD63C9C46_1,1037189E-291A-31FF-C8B5-63569DE332A9,3B7EAEB4-595D-03CC-248A-EF3C45D5C84E,1682702434910,29312,-15
Green video (pNRpAtLg40s&amp;ab_channel) - 60.021,FF931349-2BF8-1C2A-EB85-91BBD63C9C46_1,1037189E-291A-31FF-C8B5-63569DE332A9,3B7EAEB4-595D-03CC-248A-EF3C45D5C84E,1682702434960,29362,-16
Green video (pNRpAtLg40s&amp;ab_channel) - 60.021,FF931349-2BF8-1C2A-EB85-91BBD63C9C46_1,1037189E-291A-31FF-C8B5-63569DE332A9,3B7EAEB4-595D-03CC-248A-EF3C45D5C84E,1682702435226,29628,-17
Green video (pNRpAtLg40s&amp;ab_channel) - 60.021,FF931349-2BF8-1C2A-EB85-91BBD63C9C46_1,1037189E-291A-31FF-C8B5-63569DE332A9,3B7EAEB4-595D-03CC-248A-EF3C45D5C84E,1682702435260,29662,-18
Green video (pNRpAtLg40s&amp;ab_channel) - 60.021,FF931349-2BF8-1C2A-EB85-91BBD63C9C46_1,1037189E-291A-31FF-C8B5-63569DE332A9,3B7EAEB4-595D-03CC-248A-EF3C45D5C84E,1682702435275,29677,-19
Green video (pNRpAtLg40s&amp;ab_channel) - 60.021,FF931349-2BF8-1C2A-EB85-91BBD63C9C46_1,1037189E-291A-31FF-C8B5-63569DE332A9,3B7EAEB4-595D-03CC-248A-EF3C45D5C84E,1682702435810,30211,-20
Green video (pNRpAtLg40s&amp;ab_channel) - 60.021,FF931349-2BF8-1C2A-EB85-91BBD63C9C46_1,1037189E-291A-31FF-C8B5-63569DE332A9,3B7EAEB4-595D-03CC-248A-EF3C45D5C84E,1682702435849,30250,-21
Green video (pNRpAtLg40s&amp;ab_channel) - 60.021,FF931349-2BF8-1C2A-EB85-91BBD63C9C46_1,1037189E-291A-31FF-C8B5-63569DE332A9,3B7EAEB4-595D-03CC-248A-EF3C45D5C84E,1682702435880,30281,-22
Green video (pNRpAtLg40s&amp;ab_channel) - 60.021,FF931349-2BF8-1C2A-EB85-91BBD63C9C46_1,1037189E-291A-31FF-C8B5-63569DE332A9,3B7EAEB4-595D-03CC-248A-EF3C45D5C84E,1682702435926,30327,-23
Green video (pNRpAtLg40s&amp;ab_channel) - 60.021,FF931349-2BF8-1C2A-EB85-91BBD63C9C46_1,1037189E-291A-31FF-C8B5-63569DE332A9,3B7EAEB4-595D-03CC-248A-EF3C45D5C84E,1682702436609,31011,-24
Green video (pNRpAtLg40s&amp;ab_channel) - 60.021,FF931349-2BF8-1C2A-EB85-91BBD63C9C46_1,1037189E-291A-31FF-C8B5-63569DE332A9,3B7EAEB4-595D-03CC-248A-EF3C45D5C84E,1682702436627,31029,-25
Green video (pNRpAtLg40s&amp;ab_channel) - 60.021,FF931349-2BF8-1C2A-EB85-91BBD63C9C46_1,1037189E-291A-31FF-C8B5-63569DE332A9,3B7EAEB4-595D-03CC-248A-EF3C45D5C84E,1682702436675,31077,-26
Green video (pNRpAtLg40s&amp;ab_channel) - 60.021,FF931349-2BF8-1C2A-EB85-91BBD63C9C46_1,1037189E-291A-31FF-C8B5-63569DE332A9,3B7EAEB4-595D-03CC-248A-EF3C45D5C84E,1682702438575,32977,-25
Green video (pNRpAtLg40s&amp;ab_channel) - 60.021,FF931349-2BF8-1C2A-EB85-91BBD63C9C46_1,1037189E-291A-31FF-C8B5-63569DE332A9,3B7EAEB4-595D-03CC-248A-EF3C45D5C84E,1682702438892,33292,-24
Green video (pNRpAtLg40s&amp;ab_channel) - 60.021,FF931349-2BF8-1C2A-EB85-91BBD63C9C46_1,1037189E-291A-31FF-C8B5-63569DE332A9,3B7EAEB4-595D-03CC-248A-EF3C45D5C84E,1682702439310,33712,-23
Green video (pNRpAtLg40s&amp;ab_channel) - 60.021,FF931349-2BF8-1C2A-EB85-91BBD63C9C46_1,1037189E-291A-31FF-C8B5-63569DE332A9,3B7EAEB4-595D-03CC-248A-EF3C45D5C84E,1682702439326,33728,-22
Green video (pNRpAtLg40s&amp;ab_channel) - 60.021,FF931349-2BF8-1C2A-EB85-91BBD63C9C46_1,1037189E-291A-31FF-C8B5-63569DE332A9,3B7EAEB4-595D-03CC-248A-EF3C45D5C84E,1682702439343,33745,-21
Green video (pNRpAtLg40s&amp;ab_channel) - 60.021,FF931349-2BF8-1C2A-EB85-91BBD63C9C46_1,1037189E-291A-31FF-C8B5-63569DE332A9,3B7EAEB4-595D-03CC-248A-EF3C45D5C84E,1682702439376,33778,-20
Green video (pNRpAtLg40s&amp;ab_channel) - 60.021,FF931349-2BF8-1C2A-EB85-91BBD63C9C46_1,1037189E-291A-31FF-C8B5-63569DE332A9,3B7EAEB4-595D-03CC-248A-EF3C45D5C84E,1682702439659,34061,-19
Green video (pNRpAtLg40s&amp;ab_channel) - 60.021,FF931349-2BF8-1C2A-EB85-91BBD63C9C46_1,1037189E-291A-31FF-C8B5-63569DE332A9,3B7EAEB4-595D-03CC-248A-EF3C45D5C84E,1682702439709,34111,-18
Green video (pNRpAtLg40s&amp;ab_channel) - 60.021,FF931349-2BF8-1C2A-EB85-91BBD63C9C46_1,1037189E-291A-31FF-C8B5-63569DE332A9,3B7EAEB4-595D-03CC-248A-EF3C45D5C84E,1682702439744,34146,-17
Green video (pNRpAtLg40s&amp;ab_channel) - 60.021,FF931349-2BF8-1C2A-EB85-91BBD63C9C46_1,1037189E-291A-31FF-C8B5-63569DE332A9,3B7EAEB4-595D-03CC-248A-EF3C45D5C84E,1682702440059,34461,-16
Green video (pNRpAtLg40s&amp;ab_channel) - 60.021,FF931349-2BF8-1C2A-EB85-91BBD63C9C46_1,1037189E-291A-31FF-C8B5-63569DE332A9,3B7EAEB4-595D-03CC-248A-EF3C45D5C84E,1682702440076,34478,-15
Green video (pNRpAtLg40s&amp;ab_channel) - 60.021,FF931349-2BF8-1C2A-EB85-91BBD63C9C46_1,1037189E-291A-31FF-C8B5-63569DE332A9,3B7EAEB4-595D-03CC-248A-EF3C45D5C84E,1682702440110,34512,-14
Green video (pNRpAtLg40s&amp;ab_channel) - 60.021,FF931349-2BF8-1C2A-EB85-91BBD63C9C46_1,1037189E-291A-31FF-C8B5-63569DE332A9,3B7EAEB4-595D-03CC-248A-EF3C45D5C84E,1682702440126,34528,-13
Green video (pNRpAtLg40s&amp;ab_channel) - 60.021,FF931349-2BF8-1C2A-EB85-91BBD63C9C46_1,1037189E-291A-31FF-C8B5-63569DE332A9,3B7EAEB4-595D-03CC-248A-EF3C45D5C84E,1682702440176,34578,-12
Green video (pNRpAtLg40s&amp;ab_channel) - 60.021,FF931349-2BF8-1C2A-EB85-91BBD63C9C46_1,1037189E-291A-31FF-C8B5-63569DE332A9,3B7EAEB4-595D-03CC-248A-EF3C45D5C84E,1682702440460,34862,-11
Green video (pNRpAtLg40s&amp;ab_channel) - 60.021,FF931349-2BF8-1C2A-EB85-91BBD63C9C46_1,1037189E-291A-31FF-C8B5-63569DE332A9,3B7EAEB4-595D-03CC-248A-EF3C45D5C84E,1682702440476,34878,-10
Green video (pNRpAtLg40s&amp;ab_channel) - 60.021,FF931349-2BF8-1C2A-EB85-91BBD63C9C46_1,1037189E-291A-31FF-C8B5-63569DE332A9,3B7EAEB4-595D-03CC-248A-EF3C45D5C84E,1682702440509,34910,-9
Green video (pNRpAtLg40s&amp;ab_channel) - 60.021,FF931349-2BF8-1C2A-EB85-91BBD63C9C46_1,1037189E-291A-31FF-C8B5-63569DE332A9,3B7EAEB4-595D-03CC-248A-EF3C45D5C84E,1682702440526,34927,-8
Green video (pNRpAtLg40s&amp;ab_channel) - 60.021,FF931349-2BF8-1C2A-EB85-91BBD63C9C46_1,1037189E-291A-31FF-C8B5-63569DE332A9,3B7EAEB4-595D-03CC-248A-EF3C45D5C84E,1682702440811,35214,-7
Green video (pNRpAtLg40s&amp;ab_channel) - 60.021,FF931349-2BF8-1C2A-EB85-91BBD63C9C46_1,1037189E-291A-31FF-C8B5-63569DE332A9,3B7EAEB4-595D-03CC-248A-EF3C45D5C84E,1682702440842,35245,-6
Green video (pNRpAtLg40s&amp;ab_channel) - 60.021,FF931349-2BF8-1C2A-EB85-91BBD63C9C46_1,1037189E-291A-31FF-C8B5-63569DE332A9,3B7EAEB4-595D-03CC-248A-EF3C45D5C84E,1682702440859,35262,-5
Green video (pNRpAtLg40s&amp;ab_channel) - 60.021,FF931349-2BF8-1C2A-EB85-91BBD63C9C46_1,1037189E-291A-31FF-C8B5-63569DE332A9,3B7EAEB4-595D-03CC-248A-EF3C45D5C84E,1682702440926,35329,-4
Green video (pNRpAtLg40s&amp;ab_channel) - 60.021,FF931349-2BF8-1C2A-EB85-91BBD63C9C46_1,1037189E-291A-31FF-C8B5-63569DE332A9,3B7EAEB4-595D-03CC-248A-EF3C45D5C84E,1682702441175,35576,-3
Green video (pNRpAtLg40s&amp;ab_channel) - 60.021,FF931349-2BF8-1C2A-EB85-91BBD63C9C46_1,1037189E-291A-31FF-C8B5-63569DE332A9,3B7EAEB4-595D-03CC-248A-EF3C45D5C84E,1682702441194,35595,-2
Green video (pNRpAtLg40s&amp;ab_channel) - 60.021,FF931349-2BF8-1C2A-EB85-91BBD63C9C46_1,1037189E-291A-31FF-C8B5-63569DE332A9,3B7EAEB4-595D-03CC-248A-EF3C45D5C84E,1682702441209,35610,-1
Green video (pNRpAtLg40s&amp;ab_channel) - 60.021,FF931349-2BF8-1C2A-EB85-91BBD63C9C46_1,1037189E-291A-31FF-C8B5-63569DE332A9,3B7EAEB4-595D-03CC-248A-EF3C45D5C84E,1682702441226,35627,0
Green video (pNRpAtLg40s&amp;ab_channel) - 60.021,FF931349-2BF8-1C2A-EB85-91BBD63C9C46_1,1037189E-291A-31FF-C8B5-63569DE332A9,3B7EAEB4-595D-03CC-248A-EF3C45D5C84E,1682702441276,35677,1
Green video (pNRpAtLg40s&amp;ab_channel) - 60.021,FF931349-2BF8-1C2A-EB85-91BBD63C9C46_1,1037189E-291A-31FF-C8B5-63569DE332A9,3B7EAEB4-595D-03CC-248A-EF3C45D5C84E,1682702441543,35945,2
Green video (pNRpAtLg40s&amp;ab_channel) - 60.021,FF931349-2BF8-1C2A-EB85-91BBD63C9C46_1,1037189E-291A-31FF-C8B5-63569DE332A9,3B7EAEB4-595D-03CC-248A-EF3C45D5C84E,1682702441576,35978,3
Green video (pNRpAtLg40s&amp;ab_channel) - 60.021,FF931349-2BF8-1C2A-EB85-91BBD63C9C46_1,1037189E-291A-31FF-C8B5-63569DE332A9,3B7EAEB4-595D-03CC-248A-EF3C45D5C84E,1682702441609,36011,4
Green video (pNRpAtLg40s&amp;ab_channel) - 60.021,FF931349-2BF8-1C2A-EB85-91BBD63C9C46_1,1037189E-291A-31FF-C8B5-63569DE332A9,3B7EAEB4-595D-03CC-248A-EF3C45D5C84E,1682702441977,36379,5
Green video (pNRpAtLg40s&amp;ab_channel) - 60.021,FF931349-2BF8-1C2A-EB85-91BBD63C9C46_1,1037189E-291A-31FF-C8B5-63569DE332A9,3B7EAEB4-595D-03CC-248A-EF3C45D5C84E,1682702442009,36411,6
Green video (pNRpAtLg40s&amp;ab_channel) - 60.021,FF931349-2BF8-1C2A-EB85-91BBD63C9C46_1,1037189E-291A-31FF-C8B5-63569DE332A9,3B7EAEB4-595D-03CC-248A-EF3C45D5C84E,1682702442026,36428,7
Green video (pNRpAtLg40s&amp;ab_channel) - 60.021,FF931349-2BF8-1C2A-EB85-91BBD63C9C46_1,1037189E-291A-31FF-C8B5-63569DE332A9,3B7EAEB4-595D-03CC-248A-EF3C45D5C84E,1682702442060,36462,8
Green video (pNRpAtLg40s&amp;ab_channel) - 60.021,FF931349-2BF8-1C2A-EB85-91BBD63C9C46_1,1037189E-291A-31FF-C8B5-63569DE332A9,3B7EAEB4-595D-03CC-248A-EF3C45D5C84E,1682702442093,36495,9
Green video (pNRpAtLg40s&amp;ab_channel) - 60.021,FF931349-2BF8-1C2A-EB85-91BBD63C9C46_1,1037189E-291A-31FF-C8B5-63569DE332A9,3B7EAEB4-595D-03CC-248A-EF3C45D5C84E,1682702442375,36777,10
Green video (pNRpAtLg40s&amp;ab_channel) - 60.021,FF931349-2BF8-1C2A-EB85-91BBD63C9C46_1,1037189E-291A-31FF-C8B5-63569DE332A9,3B7EAEB4-595D-03CC-248A-EF3C45D5C84E,1682702442393,36795,11
Green video (pNRpAtLg40s&amp;ab_channel) - 60.021,FF931349-2BF8-1C2A-EB85-91BBD63C9C46_1,1037189E-291A-31FF-C8B5-63569DE332A9,3B7EAEB4-595D-03CC-248A-EF3C45D5C84E,1682702442410,36812,13
Green video (pNRpAtLg40s&amp;ab_channel) - 60.021,FF931349-2BF8-1C2A-EB85-91BBD63C9C46_1,1037189E-291A-31FF-C8B5-63569DE332A9,3B7EAEB4-595D-03CC-248A-EF3C45D5C84E,1682702442443,36845,14
Green video (pNRpAtLg40s&amp;ab_channel) - 60.021,FF931349-2BF8-1C2A-EB85-91BBD63C9C46_1,1037189E-291A-31FF-C8B5-63569DE332A9,3B7EAEB4-595D-03CC-248A-EF3C45D5C84E,1682702442492,36893,15
Green video (pNRpAtLg40s&amp;ab_channel) - 60.021,FF931349-2BF8-1C2A-EB85-91BBD63C9C46_1,1037189E-291A-31FF-C8B5-63569DE332A9,3B7EAEB4-595D-03CC-248A-EF3C45D5C84E,1682702442778,37179,17
Green video (pNRpAtLg40s&amp;ab_channel) - 60.021,FF931349-2BF8-1C2A-EB85-91BBD63C9C46_1,1037189E-291A-31FF-C8B5-63569DE332A9,3B7EAEB4-595D-03CC-248A-EF3C45D5C84E,1682702442808,37209,18
Green video (pNRpAtLg40s&amp;ab_channel) - 60.021,FF931349-2BF8-1C2A-EB85-91BBD63C9C46_1,1037189E-291A-31FF-C8B5-63569DE332A9,3B7EAEB4-595D-03CC-248A-EF3C45D5C84E,1682702442826,37227,19
Green video (pNRpAtLg40s&amp;ab_channel) - 60.021,FF931349-2BF8-1C2A-EB85-91BBD63C9C46_1,1037189E-291A-31FF-C8B5-63569DE332A9,3B7EAEB4-595D-03CC-248A-EF3C45D5C84E,1682702442892,37293,20
Green video (pNRpAtLg40s&amp;ab_channel) - 60.021,FF931349-2BF8-1C2A-EB85-91BBD63C9C46_1,1037189E-291A-31FF-C8B5-63569DE332A9,3B7EAEB4-595D-03CC-248A-EF3C45D5C84E,1682702443242,37644,21
Green video (pNRpAtLg40s&amp;ab_channel) - 60.021,FF931349-2BF8-1C2A-EB85-91BBD63C9C46_1,1037189E-291A-31FF-C8B5-63569DE332A9,3B7EAEB4-595D-03CC-248A-EF3C45D5C84E,1682702443259,37661,22
Green video (pNRpAtLg40s&amp;ab_channel) - 60.021,FF931349-2BF8-1C2A-EB85-91BBD63C9C46_1,1037189E-291A-31FF-C8B5-63569DE332A9,3B7EAEB4-595D-03CC-248A-EF3C45D5C84E,1682702443276,37678,23
Green video (pNRpAtLg40s&amp;ab_channel) - 60.021,FF931349-2BF8-1C2A-EB85-91BBD63C9C46_1,1037189E-291A-31FF-C8B5-63569DE332A9,3B7EAEB4-595D-03CC-248A-EF3C45D5C84E,1682702443292,37694,24
Green video (pNRpAtLg40s&amp;ab_channel) - 60.021,FF931349-2BF8-1C2A-EB85-91BBD63C9C46_1,1037189E-291A-31FF-C8B5-63569DE332A9,3B7EAEB4-595D-03CC-248A-EF3C45D5C84E,1682702443342,37745,25
Green video (pNRpAtLg40s&amp;ab_channel) - 60.021,FF931349-2BF8-1C2A-EB85-91BBD63C9C46_1,1037189E-291A-31FF-C8B5-63569DE332A9,3B7EAEB4-595D-03CC-248A-EF3C45D5C84E,1682702443660,38062,26
Green video (pNRpAtLg40s&amp;ab_channel) - 60.021,FF931349-2BF8-1C2A-EB85-91BBD63C9C46_1,1037189E-291A-31FF-C8B5-63569DE332A9,3B7EAEB4-595D-03CC-248A-EF3C45D5C84E,1682702443676,38078,27
Green video (pNRpAtLg40s&amp;ab_channel) - 60.021,FF931349-2BF8-1C2A-EB85-91BBD63C9C46_1,1037189E-291A-31FF-C8B5-63569DE332A9,3B7EAEB4-595D-03CC-248A-EF3C45D5C84E,1682702443691,38093,28
Green video (pNRpAtLg40s&amp;ab_channel) - 60.021,FF931349-2BF8-1C2A-EB85-91BBD63C9C46_1,1037189E-291A-31FF-C8B5-63569DE332A9,3B7EAEB4-595D-03CC-248A-EF3C45D5C84E,1682702443709,38111,29
Green video (pNRpAtLg40s&amp;ab_channel) - 60.021,FF931349-2BF8-1C2A-EB85-91BBD63C9C46_1,1037189E-291A-31FF-C8B5-63569DE332A9,3B7EAEB4-595D-03CC-248A-EF3C45D5C84E,1682702443726,38128,30
Green video (pNRpAtLg40s&amp;ab_channel) - 60.021,FF931349-2BF8-1C2A-EB85-91BBD63C9C46_1,1037189E-291A-31FF-C8B5-63569DE332A9,3B7EAEB4-595D-03CC-248A-EF3C45D5C84E,1682702443776,38178,31
Green video (pNRpAtLg40s&amp;ab_channel) - 60.021,FF931349-2BF8-1C2A-EB85-91BBD63C9C46_1,1037189E-291A-31FF-C8B5-63569DE332A9,3B7EAEB4-595D-03CC-248A-EF3C45D5C84E,1682702444093,38495,32
Green video (pNRpAtLg40s&amp;ab_channel) - 60.021,FF931349-2BF8-1C2A-EB85-91BBD63C9C46_1,1037189E-291A-31FF-C8B5-63569DE332A9,3B7EAEB4-595D-03CC-248A-EF3C45D5C84E,1682702444108,38510,33
Green video (pNRpAtLg40s&amp;ab_channel) - 60.021,FF931349-2BF8-1C2A-EB85-91BBD63C9C46_1,1037189E-291A-31FF-C8B5-63569DE332A9,3B7EAEB4-595D-03CC-248A-EF3C45D5C84E,1682702444127,38529,34
Green video (pNRpAtLg40s&amp;ab_channel) - 60.021,FF931349-2BF8-1C2A-EB85-91BBD63C9C46_1,1037189E-291A-31FF-C8B5-63569DE332A9,3B7EAEB4-595D-03CC-248A-EF3C45D5C84E,1682702444142,38544,35
Green video (pNRpAtLg40s&amp;ab_channel) - 60.021,FF931349-2BF8-1C2A-EB85-91BBD63C9C46_1,1037189E-291A-31FF-C8B5-63569DE332A9,3B7EAEB4-595D-03CC-248A-EF3C45D5C84E,1682702444158,38560,36
Green video (pNRpAtLg40s&amp;ab_channel) - 60.021,FF931349-2BF8-1C2A-EB85-91BBD63C9C46_1,1037189E-291A-31FF-C8B5-63569DE332A9,3B7EAEB4-595D-03CC-248A-EF3C45D5C84E,1682702444245,38647,37
Green video (pNRpAtLg40s&amp;ab_channel) - 60.021,FF931349-2BF8-1C2A-EB85-91BBD63C9C46_1,1037189E-291A-31FF-C8B5-63569DE332A9,3B7EAEB4-595D-03CC-248A-EF3C45D5C84E,1682702444543,38942,38
Green video (pNRpAtLg40s&amp;ab_channel) - 60.021,FF931349-2BF8-1C2A-EB85-91BBD63C9C46_1,1037189E-291A-31FF-C8B5-63569DE332A9,3B7EAEB4-595D-03CC-248A-EF3C45D5C84E,1682702444560,38959,39
Green video (pNRpAtLg40s&amp;ab_channel) - 60.021,FF931349-2BF8-1C2A-EB85-91BBD63C9C46_1,1037189E-291A-31FF-C8B5-63569DE332A9,3B7EAEB4-595D-03CC-248A-EF3C45D5C84E,1682702444576,38975,40
Green video (pNRpAtLg40s&amp;ab_channel) - 60.021,FF931349-2BF8-1C2A-EB85-91BBD63C9C46_1,1037189E-291A-31FF-C8B5-63569DE332A9,3B7EAEB4-595D-03CC-248A-EF3C45D5C84E,1682702444608,39007,41
Green video (pNRpAtLg40s&amp;ab_channel) - 60.021,FF931349-2BF8-1C2A-EB85-91BBD63C9C46_1,1037189E-291A-31FF-C8B5-63569DE332A9,3B7EAEB4-595D-03CC-248A-EF3C45D5C84E,1682702444627,39026,42
Green video (pNRpAtLg40s&amp;ab_channel) - 60.021,FF931349-2BF8-1C2A-EB85-91BBD63C9C46_1,1037189E-291A-31FF-C8B5-63569DE332A9,3B7EAEB4-595D-03CC-248A-EF3C45D5C84E,1682702445374,39772,43
Green video (pNRpAtLg40s&amp;ab_channel) - 60.021,FF931349-2BF8-1C2A-EB85-91BBD63C9C46_1,1037189E-291A-31FF-C8B5-63569DE332A9,3B7EAEB4-595D-03CC-248A-EF3C45D5C84E,1682702445407,39805,44
Green video (pNRpAtLg40s&amp;ab_channel) - 60.021,FF931349-2BF8-1C2A-EB85-91BBD63C9C46_1,1037189E-291A-31FF-C8B5-63569DE332A9,3B7EAEB4-595D-03CC-248A-EF3C45D5C84E,1682702445424,39822,45
Green video (pNRpAtLg40s&amp;ab_channel) - 60.021,FF931349-2BF8-1C2A-EB85-91BBD63C9C46_1,1037189E-291A-31FF-C8B5-63569DE332A9,3B7EAEB4-595D-03CC-248A-EF3C45D5C84E,1682702445492,39890,46
Green video (pNRpAtLg40s&amp;ab_channel) - 60.021,FF931349-2BF8-1C2A-EB85-91BBD63C9C46_1,1037189E-291A-31FF-C8B5-63569DE332A9,3B7EAEB4-595D-03CC-248A-EF3C45D5C84E,1682702446408,40809,47
Green video (pNRpAtLg40s&amp;ab_channel) - 60.021,FF931349-2BF8-1C2A-EB85-91BBD63C9C46_1,1037189E-291A-31FF-C8B5-63569DE332A9,3B7EAEB4-595D-03CC-248A-EF3C45D5C84E,1682702446458,40859,48
Green video (pNRpAtLg40s&amp;ab_channel) - 60.021,FF931349-2BF8-1C2A-EB85-91BBD63C9C46_1,1037189E-291A-31FF-C8B5-63569DE332A9,3B7EAEB4-595D-03CC-248A-EF3C45D5C84E,1682702446757,41159,49
Green video (pNRpAtLg40s&amp;ab_channel) - 60.021,FF931349-2BF8-1C2A-EB85-91BBD63C9C46_1,1037189E-291A-31FF-C8B5-63569DE332A9,3B7EAEB4-595D-03CC-248A-EF3C45D5C84E,1682702446791,41193,50
Green video (pNRpAtLg40s&amp;ab_channel) - 60.021,FF931349-2BF8-1C2A-EB85-91BBD63C9C46_1,1037189E-291A-31FF-C8B5-63569DE332A9,3B7EAEB4-595D-03CC-248A-EF3C45D5C84E,1682702446808,41210,51
Green video (pNRpAtLg40s&amp;ab_channel) - 60.021,FF931349-2BF8-1C2A-EB85-91BBD63C9C46_1,1037189E-291A-31FF-C8B5-63569DE332A9,3B7EAEB4-595D-03CC-248A-EF3C45D5C84E,1682702446841,41243,52
Green video (pNRpAtLg40s&amp;ab_channel) - 60.021,FF931349-2BF8-1C2A-EB85-91BBD63C9C46_1,1037189E-291A-31FF-C8B5-63569DE332A9,3B7EAEB4-595D-03CC-248A-EF3C45D5C84E,1682702446907,41309,53
Green video (pNRpAtLg40s&amp;ab_channel) - 60.021,FF931349-2BF8-1C2A-EB85-91BBD63C9C46_1,1037189E-291A-31FF-C8B5-63569DE332A9,3B7EAEB4-595D-03CC-248A-EF3C45D5C84E,1682702447074,41475,54
Green video (pNRpAtLg40s&amp;ab_channel) - 60.021,FF931349-2BF8-1C2A-EB85-91BBD63C9C46_1,1037189E-291A-31FF-C8B5-63569DE332A9,3B7EAEB4-595D-03CC-248A-EF3C45D5C84E,1682702447109,41510,56
Green video (pNRpAtLg40s&amp;ab_channel) - 60.021,FF931349-2BF8-1C2A-EB85-91BBD63C9C46_1,1037189E-291A-31FF-C8B5-63569DE332A9,3B7EAEB4-595D-03CC-248A-EF3C45D5C84E,1682702447124,41525,57
Green video (pNRpAtLg40s&amp;ab_channel) - 60.021,FF931349-2BF8-1C2A-EB85-91BBD63C9C46_1,1037189E-291A-31FF-C8B5-63569DE332A9,3B7EAEB4-595D-03CC-248A-EF3C45D5C84E,1682702447158,41559,58
Green video (pNRpAtLg40s&amp;ab_channel) - 60.021,FF931349-2BF8-1C2A-EB85-91BBD63C9C46_1,1037189E-291A-31FF-C8B5-63569DE332A9,3B7EAEB4-595D-03CC-248A-EF3C45D5C84E,1682702447393,41793,59
Green video (pNRpAtLg40s&amp;ab_channel) - 60.021,FF931349-2BF8-1C2A-EB85-91BBD63C9C46_1,1037189E-291A-31FF-C8B5-63569DE332A9,3B7EAEB4-595D-03CC-248A-EF3C45D5C84E,1682702447410,41810,60
Green video (pNRpAtLg40s&amp;ab_channel) - 60.021,FF931349-2BF8-1C2A-EB85-91BBD63C9C46_1,1037189E-291A-31FF-C8B5-63569DE332A9,3B7EAEB4-595D-03CC-248A-EF3C45D5C84E,1682702447425,41825,61
Green video (pNRpAtLg40s&amp;ab_channel) - 60.021,FF931349-2BF8-1C2A-EB85-91BBD63C9C46_1,1037189E-291A-31FF-C8B5-63569DE332A9,3B7EAEB4-595D-03CC-248A-EF3C45D5C84E,1682702447441,41841,63
Green video (pNRpAtLg40s&amp;ab_channel) - 60.021,FF931349-2BF8-1C2A-EB85-91BBD63C9C46_1,1037189E-291A-31FF-C8B5-63569DE332A9,3B7EAEB4-595D-03CC-248A-EF3C45D5C84E,1682702447457,41857,64
Green video (pNRpAtLg40s&amp;ab_channel) - 60.021,FF931349-2BF8-1C2A-EB85-91BBD63C9C46_1,1037189E-291A-31FF-C8B5-63569DE332A9,3B7EAEB4-595D-03CC-248A-EF3C45D5C84E,1682702447478,41878,65
Green video (pNRpAtLg40s&amp;ab_channel) - 60.021,FF931349-2BF8-1C2A-EB85-91BBD63C9C46_1,1037189E-291A-31FF-C8B5-63569DE332A9,3B7EAEB4-595D-03CC-248A-EF3C45D5C84E,1682702447658,42058,64
Green video (pNRpAtLg40s&amp;ab_channel) - 60.021,FF931349-2BF8-1C2A-EB85-91BBD63C9C46_1,1037189E-291A-31FF-C8B5-63569DE332A9,3B7EAEB4-595D-03CC-248A-EF3C45D5C84E,1682702447727,42127,65
Green video (pNRpAtLg40s&amp;ab_channel) - 60.021,FF931349-2BF8-1C2A-EB85-91BBD63C9C46_1,1037189E-291A-31FF-C8B5-63569DE332A9,3B7EAEB4-595D-03CC-248A-EF3C45D5C84E,1682702447742,42142,67
Green video (pNRpAtLg40s&amp;ab_channel) - 60.021,FF931349-2BF8-1C2A-EB85-91BBD63C9C46_1,1037189E-291A-31FF-C8B5-63569DE332A9,3B7EAEB4-595D-03CC-248A-EF3C45D5C84E,1682702447760,42160,68
Green video (pNRpAtLg40s&amp;ab_channel) - 60.021,FF931349-2BF8-1C2A-EB85-91BBD63C9C46_1,1037189E-291A-31FF-C8B5-63569DE332A9,3B7EAEB4-595D-03CC-248A-EF3C45D5C84E,1682702447792,42192,69
Green video (pNRpAtLg40s&amp;ab_channel) - 60.021,FF931349-2BF8-1C2A-EB85-91BBD63C9C46_1,1037189E-291A-31FF-C8B5-63569DE332A9,3B7EAEB4-595D-03CC-248A-EF3C45D5C84E,1682702448027,42427,70
Green video (pNRpAtLg40s&amp;ab_channel) - 60.021,FF931349-2BF8-1C2A-EB85-91BBD63C9C46_1,1037189E-291A-31FF-C8B5-63569DE332A9,3B7EAEB4-595D-03CC-248A-EF3C45D5C84E,1682702448041,42443,71
Green video (pNRpAtLg40s&amp;ab_channel) - 60.021,FF931349-2BF8-1C2A-EB85-91BBD63C9C46_1,1037189E-291A-31FF-C8B5-63569DE332A9,3B7EAEB4-595D-03CC-248A-EF3C45D5C84E,1682702448061,42463,73
Green video (pNRpAtLg40s&amp;ab_channel) - 60.021,FF931349-2BF8-1C2A-EB85-91BBD63C9C46_1,1037189E-291A-31FF-C8B5-63569DE332A9,3B7EAEB4-595D-03CC-248A-EF3C45D5C84E,1682702448076,42478,74
Green video (pNRpAtLg40s&amp;ab_channel) - 60.021,FF931349-2BF8-1C2A-EB85-91BBD63C9C46_1,1037189E-291A-31FF-C8B5-63569DE332A9,3B7EAEB4-595D-03CC-248A-EF3C45D5C84E,1682702448109,42511,75
Green video (pNRpAtLg40s&amp;ab_channel) - 60.021,FF931349-2BF8-1C2A-EB85-91BBD63C9C46_1,1037189E-291A-31FF-C8B5-63569DE332A9,3B7EAEB4-595D-03CC-248A-EF3C45D5C84E,1682702448341,42743,76
Green video (pNRpAtLg40s&amp;ab_channel) - 60.021,FF931349-2BF8-1C2A-EB85-91BBD63C9C46_1,1037189E-291A-31FF-C8B5-63569DE332A9,3B7EAEB4-595D-03CC-248A-EF3C45D5C84E,1682702448358,42760,78
Green video (pNRpAtLg40s&amp;ab_channel) - 60.021,FF931349-2BF8-1C2A-EB85-91BBD63C9C46_1,1037189E-291A-31FF-C8B5-63569DE332A9,3B7EAEB4-595D-03CC-248A-EF3C45D5C84E,1682702448374,42776,79
Green video (pNRpAtLg40s&amp;ab_channel) - 60.021,FF931349-2BF8-1C2A-EB85-91BBD63C9C46_1,1037189E-291A-31FF-C8B5-63569DE332A9,3B7EAEB4-595D-03CC-248A-EF3C45D5C84E,1682702448397,42799,80
Green video (pNRpAtLg40s&amp;ab_channel) - 60.021,FF931349-2BF8-1C2A-EB85-91BBD63C9C46_1,1037189E-291A-31FF-C8B5-63569DE332A9,3B7EAEB4-595D-03CC-248A-EF3C45D5C84E,1682702448625,43024,81
Green video (pNRpAtLg40s&amp;ab_channel) - 60.021,FF931349-2BF8-1C2A-EB85-91BBD63C9C46_1,1037189E-291A-31FF-C8B5-63569DE332A9,3B7EAEB4-595D-03CC-248A-EF3C45D5C84E,1682702448662,43061,83
Green video (pNRpAtLg40s&amp;ab_channel) - 60.021,FF931349-2BF8-1C2A-EB85-91BBD63C9C46_1,1037189E-291A-31FF-C8B5-63569DE332A9,3B7EAEB4-595D-03CC-248A-EF3C45D5C84E,1682702448675,43074,84
Green video (pNRpAtLg40s&amp;ab_channel) - 60.021,FF931349-2BF8-1C2A-EB85-91BBD63C9C46_1,1037189E-291A-31FF-C8B5-63569DE332A9,3B7EAEB4-595D-03CC-248A-EF3C45D5C84E,1682702448691,43090,85
Green video (pNRpAtLg40s&amp;ab_channel) - 60.021,FF931349-2BF8-1C2A-EB85-91BBD63C9C46_1,1037189E-291A-31FF-C8B5-63569DE332A9,3B7EAEB4-595D-03CC-248A-EF3C45D5C84E,1682702448708,43107,86
Green video (pNRpAtLg40s&amp;ab_channel) - 60.021,FF931349-2BF8-1C2A-EB85-91BBD63C9C46_1,1037189E-291A-31FF-C8B5-63569DE332A9,3B7EAEB4-595D-03CC-248A-EF3C45D5C84E,1682702448743,43142,87
Green video (pNRpAtLg40s&amp;ab_channel) - 60.021,FF931349-2BF8-1C2A-EB85-91BBD63C9C46_1,1037189E-291A-31FF-C8B5-63569DE332A9,3B7EAEB4-595D-03CC-248A-EF3C45D5C84E,1682702454341,48743,86
Green video (pNRpAtLg40s&amp;ab_channel) - 60.021,FF931349-2BF8-1C2A-EB85-91BBD63C9C46_1,1037189E-291A-31FF-C8B5-63569DE332A9,3B7EAEB4-595D-03CC-248A-EF3C45D5C84E,1682702454574,48975,85
Green video (pNRpAtLg40s&amp;ab_channel) - 60.021,FF931349-2BF8-1C2A-EB85-91BBD63C9C46_1,1037189E-291A-31FF-C8B5-63569DE332A9,3B7EAEB4-595D-03CC-248A-EF3C45D5C84E,1682702454691,49092,84
Green video (pNRpAtLg40s&amp;ab_channel) - 60.021,FF931349-2BF8-1C2A-EB85-91BBD63C9C46_1,1037189E-291A-31FF-C8B5-63569DE332A9,3B7EAEB4-595D-03CC-248A-EF3C45D5C84E,1682702454761,49162,83
Green video (pNRpAtLg40s&amp;ab_channel) - 60.021,FF931349-2BF8-1C2A-EB85-91BBD63C9C46_1,1037189E-291A-31FF-C8B5-63569DE332A9,3B7EAEB4-595D-03CC-248A-EF3C45D5C84E,1682702454842,49243,82
Green video (pNRpAtLg40s&amp;ab_channel) - 60.021,FF931349-2BF8-1C2A-EB85-91BBD63C9C46_1,1037189E-291A-31FF-C8B5-63569DE332A9,3B7EAEB4-595D-03CC-248A-EF3C45D5C84E,1682702455275,49676,81
Green video (pNRpAtLg40s&amp;ab_channel) - 60.021,FF931349-2BF8-1C2A-EB85-91BBD63C9C46_1,1037189E-291A-31FF-C8B5-63569DE332A9,3B7EAEB4-595D-03CC-248A-EF3C45D5C84E,1682702455308,49709,80
Green video (pNRpAtLg40s&amp;ab_channel) - 60.021,FF931349-2BF8-1C2A-EB85-91BBD63C9C46_1,1037189E-291A-31FF-C8B5-63569DE332A9,3B7EAEB4-595D-03CC-248A-EF3C45D5C84E,1682702455359,49760,79
Green video (pNRpAtLg40s&amp;ab_channel) - 60.021,FF931349-2BF8-1C2A-EB85-91BBD63C9C46_1,1037189E-291A-31FF-C8B5-63569DE332A9,3B7EAEB4-595D-03CC-248A-EF3C45D5C84E,1682702455659,50061,78
Green video (pNRpAtLg40s&amp;ab_channel) - 60.021,FF931349-2BF8-1C2A-EB85-91BBD63C9C46_1,1037189E-291A-31FF-C8B5-63569DE332A9,3B7EAEB4-595D-03CC-248A-EF3C45D5C84E,1682702455692,50094,77
Green video (pNRpAtLg40s&amp;ab_channel) - 60.021,FF931349-2BF8-1C2A-EB85-91BBD63C9C46_1,1037189E-291A-31FF-C8B5-63569DE332A9,3B7EAEB4-595D-03CC-248A-EF3C45D5C84E,1682702455725,50127,76
Green video (pNRpAtLg40s&amp;ab_channel) - 60.021,FF931349-2BF8-1C2A-EB85-91BBD63C9C46_1,1037189E-291A-31FF-C8B5-63569DE332A9,3B7EAEB4-595D-03CC-248A-EF3C45D5C84E,1682702455782,50184,75
Green video (pNRpAtLg40s&amp;ab_channel) - 60.021,FF931349-2BF8-1C2A-EB85-91BBD63C9C46_1,1037189E-291A-31FF-C8B5-63569DE332A9,3B7EAEB4-595D-03CC-248A-EF3C45D5C84E,1682702455842,50244,74
Green video (pNRpAtLg40s&amp;ab_channel) - 60.021,FF931349-2BF8-1C2A-EB85-91BBD63C9C46_1,1037189E-291A-31FF-C8B5-63569DE332A9,3B7EAEB4-595D-03CC-248A-EF3C45D5C84E,1682702456126,50528,73
Green video (pNRpAtLg40s&amp;ab_channel) - 60.021,FF931349-2BF8-1C2A-EB85-91BBD63C9C46_1,1037189E-291A-31FF-C8B5-63569DE332A9,3B7EAEB4-595D-03CC-248A-EF3C45D5C84E,1682702456142,50544,72
Green video (pNRpAtLg40s&amp;ab_channel) - 60.021,FF931349-2BF8-1C2A-EB85-91BBD63C9C46_1,1037189E-291A-31FF-C8B5-63569DE332A9,3B7EAEB4-595D-03CC-248A-EF3C45D5C84E,1682702456162,50564,71
Green video (pNRpAtLg40s&amp;ab_channel) - 60.021,FF931349-2BF8-1C2A-EB85-91BBD63C9C46_1,1037189E-291A-31FF-C8B5-63569DE332A9,3B7EAEB4-595D-03CC-248A-EF3C45D5C84E,1682702456192,50594,70
Green video (pNRpAtLg40s&amp;ab_channel) - 60.021,FF931349-2BF8-1C2A-EB85-91BBD63C9C46_1,1037189E-291A-31FF-C8B5-63569DE332A9,3B7EAEB4-595D-03CC-248A-EF3C45D5C84E,1682702456227,50629,69
Green video (pNRpAtLg40s&amp;ab_channel) - 60.021,FF931349-2BF8-1C2A-EB85-91BBD63C9C46_1,1037189E-291A-31FF-C8B5-63569DE332A9,3B7EAEB4-595D-03CC-248A-EF3C45D5C84E,1682702456494,50895,68
Green video (pNRpAtLg40s&amp;ab_channel) - 60.021,FF931349-2BF8-1C2A-EB85-91BBD63C9C46_1,1037189E-291A-31FF-C8B5-63569DE332A9,3B7EAEB4-595D-03CC-248A-EF3C45D5C84E,1682702456527,50928,66
Green video (pNRpAtLg40s&amp;ab_channel) - 60.021,FF931349-2BF8-1C2A-EB85-91BBD63C9C46_1,1037189E-291A-31FF-C8B5-63569DE332A9,3B7EAEB4-595D-03CC-248A-EF3C45D5C84E,1682702456543,50944,65
Green video (pNRpAtLg40s&amp;ab_channel) - 60.021,FF931349-2BF8-1C2A-EB85-91BBD63C9C46_1,1037189E-291A-31FF-C8B5-63569DE332A9,3B7EAEB4-595D-03CC-248A-EF3C45D5C84E,1682702456560,50961,64
Green video (pNRpAtLg40s&amp;ab_channel) - 60.021,FF931349-2BF8-1C2A-EB85-91BBD63C9C46_1,1037189E-291A-31FF-C8B5-63569DE332A9,3B7EAEB4-595D-03CC-248A-EF3C45D5C84E,1682702456577,50978,62
Green video (pNRpAtLg40s&amp;ab_channel) - 60.021,FF931349-2BF8-1C2A-EB85-91BBD63C9C46_1,1037189E-291A-31FF-C8B5-63569DE332A9,3B7EAEB4-595D-03CC-248A-EF3C45D5C84E,1682702456813,51213,61
Green video (pNRpAtLg40s&amp;ab_channel) - 60.021,FF931349-2BF8-1C2A-EB85-91BBD63C9C46_1,1037189E-291A-31FF-C8B5-63569DE332A9,3B7EAEB4-595D-03CC-248A-EF3C45D5C84E,1682702456828,51228,60
Green video (pNRpAtLg40s&amp;ab_channel) - 60.021,FF931349-2BF8-1C2A-EB85-91BBD63C9C46_1,1037189E-291A-31FF-C8B5-63569DE332A9,3B7EAEB4-595D-03CC-248A-EF3C45D5C84E,1682702456866,51266,58
Green video (pNRpAtLg40s&amp;ab_channel) - 60.021,FF931349-2BF8-1C2A-EB85-91BBD63C9C46_1,1037189E-291A-31FF-C8B5-63569DE332A9,3B7EAEB4-595D-03CC-248A-EF3C45D5C84E,1682702456844,51244,59
Green video (pNRpAtLg40s&amp;ab_channel) - 60.021,FF931349-2BF8-1C2A-EB85-91BBD63C9C46_1,1037189E-291A-31FF-C8B5-63569DE332A9,3B7EAEB4-595D-03CC-248A-EF3C45D5C84E,1682702456882,51282,57
Green video (pNRpAtLg40s&amp;ab_channel) - 60.021,FF931349-2BF8-1C2A-EB85-91BBD63C9C46_1,1037189E-291A-31FF-C8B5-63569DE332A9,3B7EAEB4-595D-03CC-248A-EF3C45D5C84E,1682702456898,51298,56
Green video (pNRpAtLg40s&amp;ab_channel) - 60.021,FF931349-2BF8-1C2A-EB85-91BBD63C9C46_1,1037189E-291A-31FF-C8B5-63569DE332A9,3B7EAEB4-595D-03CC-248A-EF3C45D5C84E,1682702457110,51511,55
Green video (pNRpAtLg40s&amp;ab_channel) - 60.021,FF931349-2BF8-1C2A-EB85-91BBD63C9C46_1,1037189E-291A-31FF-C8B5-63569DE332A9,3B7EAEB4-595D-03CC-248A-EF3C45D5C84E,1682702457128,51529,54
Green video (pNRpAtLg40s&amp;ab_channel) - 60.021,FF931349-2BF8-1C2A-EB85-91BBD63C9C46_1,1037189E-291A-31FF-C8B5-63569DE332A9,3B7EAEB4-595D-03CC-248A-EF3C45D5C84E,1682702457144,51545,53
Green video (pNRpAtLg40s&amp;ab_channel) - 60.021,FF931349-2BF8-1C2A-EB85-91BBD63C9C46_1,1037189E-291A-31FF-C8B5-63569DE332A9,3B7EAEB4-595D-03CC-248A-EF3C45D5C84E,1682702457159,51560,51
Green video (pNRpAtLg40s&amp;ab_channel) - 60.021,FF931349-2BF8-1C2A-EB85-91BBD63C9C46_1,1037189E-291A-31FF-C8B5-63569DE332A9,3B7EAEB4-595D-03CC-248A-EF3C45D5C84E,1682702457176,51577,50
Green video (pNRpAtLg40s&amp;ab_channel) - 60.021,FF931349-2BF8-1C2A-EB85-91BBD63C9C46_1,1037189E-291A-31FF-C8B5-63569DE332A9,3B7EAEB4-595D-03CC-248A-EF3C45D5C84E,1682702457393,51794,49
Green video (pNRpAtLg40s&amp;ab_channel) - 60.021,FF931349-2BF8-1C2A-EB85-91BBD63C9C46_1,1037189E-291A-31FF-C8B5-63569DE332A9,3B7EAEB4-595D-03CC-248A-EF3C45D5C84E,1682702457409,51810,48
Green video (pNRpAtLg40s&amp;ab_channel) - 60.021,FF931349-2BF8-1C2A-EB85-91BBD63C9C46_1,1037189E-291A-31FF-C8B5-63569DE332A9,3B7EAEB4-595D-03CC-248A-EF3C45D5C84E,1682702457426,51827,47
Green video (pNRpAtLg40s&amp;ab_channel) - 60.021,FF931349-2BF8-1C2A-EB85-91BBD63C9C46_1,1037189E-291A-31FF-C8B5-63569DE332A9,3B7EAEB4-595D-03CC-248A-EF3C45D5C84E,1682702457443,51844,46
Green video (pNRpAtLg40s&amp;ab_channel) - 60.021,FF931349-2BF8-1C2A-EB85-91BBD63C9C46_1,1037189E-291A-31FF-C8B5-63569DE332A9,3B7EAEB4-595D-03CC-248A-EF3C45D5C84E,1682702457460,51861,45
Green video (pNRpAtLg40s&amp;ab_channel) - 60.021,FF931349-2BF8-1C2A-EB85-91BBD63C9C46_1,1037189E-291A-31FF-C8B5-63569DE332A9,3B7EAEB4-595D-03CC-248A-EF3C45D5C84E,1682702457481,51882,44
Green video (pNRpAtLg40s&amp;ab_channel) - 60.021,FF931349-2BF8-1C2A-EB85-91BBD63C9C46_1,1037189E-291A-31FF-C8B5-63569DE332A9,3B7EAEB4-595D-03CC-248A-EF3C45D5C84E,1682702457493,51894,43
Green video (pNRpAtLg40s&amp;ab_channel) - 60.021,FF931349-2BF8-1C2A-EB85-91BBD63C9C46_1,1037189E-291A-31FF-C8B5-63569DE332A9,3B7EAEB4-595D-03CC-248A-EF3C45D5C84E,1682702457692,52093,42
Green video (pNRpAtLg40s&amp;ab_channel) - 60.021,FF931349-2BF8-1C2A-EB85-91BBD63C9C46_1,1037189E-291A-31FF-C8B5-63569DE332A9,3B7EAEB4-595D-03CC-248A-EF3C45D5C84E,1682702457726,52127,40
Green video (pNRpAtLg40s&amp;ab_channel) - 60.021,FF931349-2BF8-1C2A-EB85-91BBD63C9C46_1,1037189E-291A-31FF-C8B5-63569DE332A9,3B7EAEB4-595D-03CC-248A-EF3C45D5C84E,1682702457743,52144,39
Green video (pNRpAtLg40s&amp;ab_channel) - 60.021,FF931349-2BF8-1C2A-EB85-91BBD63C9C46_1,1037189E-291A-31FF-C8B5-63569DE332A9,3B7EAEB4-595D-03CC-248A-EF3C45D5C84E,1682702457760,52161,37
Green video (pNRpAtLg40s&amp;ab_channel) - 60.021,FF931349-2BF8-1C2A-EB85-91BBD63C9C46_1,1037189E-291A-31FF-C8B5-63569DE332A9,3B7EAEB4-595D-03CC-248A-EF3C45D5C84E,1682702457777,52178,36
Green video (pNRpAtLg40s&amp;ab_channel) - 60.021,FF931349-2BF8-1C2A-EB85-91BBD63C9C46_1,1037189E-291A-31FF-C8B5-63569DE332A9,3B7EAEB4-595D-03CC-248A-EF3C45D5C84E,1682702457993,52395,35
Green video (pNRpAtLg40s&amp;ab_channel) - 60.021,FF931349-2BF8-1C2A-EB85-91BBD63C9C46_1,1037189E-291A-31FF-C8B5-63569DE332A9,3B7EAEB4-595D-03CC-248A-EF3C45D5C84E,1682702458010,52412,34
Green video (pNRpAtLg40s&amp;ab_channel) - 60.021,FF931349-2BF8-1C2A-EB85-91BBD63C9C46_1,1037189E-291A-31FF-C8B5-63569DE332A9,3B7EAEB4-595D-03CC-248A-EF3C45D5C84E,1682702458026,52428,33
Green video (pNRpAtLg40s&amp;ab_channel) - 60.021,FF931349-2BF8-1C2A-EB85-91BBD63C9C46_1,1037189E-291A-31FF-C8B5-63569DE332A9,3B7EAEB4-595D-03CC-248A-EF3C45D5C84E,1682702458043,52445,32
Green video (pNRpAtLg40s&amp;ab_channel) - 60.021,FF931349-2BF8-1C2A-EB85-91BBD63C9C46_1,1037189E-291A-31FF-C8B5-63569DE332A9,3B7EAEB4-595D-03CC-248A-EF3C45D5C84E,1682702458061,52463,31
Green video (pNRpAtLg40s&amp;ab_channel) - 60.021,FF931349-2BF8-1C2A-EB85-91BBD63C9C46_1,1037189E-291A-31FF-C8B5-63569DE332A9,3B7EAEB4-595D-03CC-248A-EF3C45D5C84E,1682702458076,52478,30
Green video (pNRpAtLg40s&amp;ab_channel) - 60.021,FF931349-2BF8-1C2A-EB85-91BBD63C9C46_1,1037189E-291A-31FF-C8B5-63569DE332A9,3B7EAEB4-595D-03CC-248A-EF3C45D5C84E,1682702458092,52494,29
Green video (pNRpAtLg40s&amp;ab_channel) - 60.021,FF931349-2BF8-1C2A-EB85-91BBD63C9C46_1,1037189E-291A-31FF-C8B5-63569DE332A9,3B7EAEB4-595D-03CC-248A-EF3C45D5C84E,1682702458326,52727,28
Green video (pNRpAtLg40s&amp;ab_channel) - 60.021,FF931349-2BF8-1C2A-EB85-91BBD63C9C46_1,1037189E-291A-31FF-C8B5-63569DE332A9,3B7EAEB4-595D-03CC-248A-EF3C45D5C84E,1682702458344,52745,27
Green video (pNRpAtLg40s&amp;ab_channel) - 60.021,FF931349-2BF8-1C2A-EB85-91BBD63C9C46_1,1037189E-291A-31FF-C8B5-63569DE332A9,3B7EAEB4-595D-03CC-248A-EF3C45D5C84E,1682702458359,52760,26
Green video (pNRpAtLg40s&amp;ab_channel) - 60.021,FF931349-2BF8-1C2A-EB85-91BBD63C9C46_1,1037189E-291A-31FF-C8B5-63569DE332A9,3B7EAEB4-595D-03CC-248A-EF3C45D5C84E,1682702458377,52778,25
Green video (pNRpAtLg40s&amp;ab_channel) - 60.021,FF931349-2BF8-1C2A-EB85-91BBD63C9C46_1,1037189E-291A-31FF-C8B5-63569DE332A9,3B7EAEB4-595D-03CC-248A-EF3C45D5C84E,1682702458393,52794,23
Green video (pNRpAtLg40s&amp;ab_channel) - 60.021,FF931349-2BF8-1C2A-EB85-91BBD63C9C46_1,1037189E-291A-31FF-C8B5-63569DE332A9,3B7EAEB4-595D-03CC-248A-EF3C45D5C84E,1682702458677,53079,22
Green video (pNRpAtLg40s&amp;ab_channel) - 60.021,FF931349-2BF8-1C2A-EB85-91BBD63C9C46_1,1037189E-291A-31FF-C8B5-63569DE332A9,3B7EAEB4-595D-03CC-248A-EF3C45D5C84E,1682702458692,53094,21
Green video (pNRpAtLg40s&amp;ab_channel) - 60.021,FF931349-2BF8-1C2A-EB85-91BBD63C9C46_1,1037189E-291A-31FF-C8B5-63569DE332A9,3B7EAEB4-595D-03CC-248A-EF3C45D5C84E,1682702458725,53126,20
Green video (pNRpAtLg40s&amp;ab_channel) - 60.021,FF931349-2BF8-1C2A-EB85-91BBD63C9C46_1,1037189E-291A-31FF-C8B5-63569DE332A9,3B7EAEB4-595D-03CC-248A-EF3C45D5C84E,1682702458743,53144,19
Green video (pNRpAtLg40s&amp;ab_channel) - 60.021,FF931349-2BF8-1C2A-EB85-91BBD63C9C46_1,1037189E-291A-31FF-C8B5-63569DE332A9,3B7EAEB4-595D-03CC-248A-EF3C45D5C84E,1682702458993,53394,18
Green video (pNRpAtLg40s&amp;ab_channel) - 60.021,FF931349-2BF8-1C2A-EB85-91BBD63C9C46_1,1037189E-291A-31FF-C8B5-63569DE332A9,3B7EAEB4-595D-03CC-248A-EF3C45D5C84E,1682702459026,53427,17
Green video (pNRpAtLg40s&amp;ab_channel) - 60.021,FF931349-2BF8-1C2A-EB85-91BBD63C9C46_1,1037189E-291A-31FF-C8B5-63569DE332A9,3B7EAEB4-595D-03CC-248A-EF3C45D5C84E,1682702459043,53444,15
Green video (pNRpAtLg40s&amp;ab_channel) - 60.021,FF931349-2BF8-1C2A-EB85-91BBD63C9C46_1,1037189E-291A-31FF-C8B5-63569DE332A9,3B7EAEB4-595D-03CC-248A-EF3C45D5C84E,1682702459076,53477,14
Green video (pNRpAtLg40s&amp;ab_channel) - 60.021,FF931349-2BF8-1C2A-EB85-91BBD63C9C46_1,1037189E-291A-31FF-C8B5-63569DE332A9,3B7EAEB4-595D-03CC-248A-EF3C45D5C84E,1682702459309,53711,13
Green video (pNRpAtLg40s&amp;ab_channel) - 60.021,FF931349-2BF8-1C2A-EB85-91BBD63C9C46_1,1037189E-291A-31FF-C8B5-63569DE332A9,3B7EAEB4-595D-03CC-248A-EF3C45D5C84E,1682702459343,53745,12
Green video (pNRpAtLg40s&amp;ab_channel) - 60.021,FF931349-2BF8-1C2A-EB85-91BBD63C9C46_1,1037189E-291A-31FF-C8B5-63569DE332A9,3B7EAEB4-595D-03CC-248A-EF3C45D5C84E,1682702459359,53761,11
Green video (pNRpAtLg40s&amp;ab_channel) - 60.021,FF931349-2BF8-1C2A-EB85-91BBD63C9C46_1,1037189E-291A-31FF-C8B5-63569DE332A9,3B7EAEB4-595D-03CC-248A-EF3C45D5C84E,1682702459376,53778,10
Green video (pNRpAtLg40s&amp;ab_channel) - 60.021,FF931349-2BF8-1C2A-EB85-91BBD63C9C46_1,1037189E-291A-31FF-C8B5-63569DE332A9,3B7EAEB4-595D-03CC-248A-EF3C45D5C84E,1682702459611,54012,9
Green video (pNRpAtLg40s&amp;ab_channel) - 60.021,FF931349-2BF8-1C2A-EB85-91BBD63C9C46_1,1037189E-291A-31FF-C8B5-63569DE332A9,3B7EAEB4-595D-03CC-248A-EF3C45D5C84E,1682702459642,54043,8
Green video (pNRpAtLg40s&amp;ab_channel) - 60.021,FF931349-2BF8-1C2A-EB85-91BBD63C9C46_1,1037189E-291A-31FF-C8B5-63569DE332A9,3B7EAEB4-595D-03CC-248A-EF3C45D5C84E,1682702459659,54060,7
Green video (pNRpAtLg40s&amp;ab_channel) - 60.021,FF931349-2BF8-1C2A-EB85-91BBD63C9C46_1,1037189E-291A-31FF-C8B5-63569DE332A9,3B7EAEB4-595D-03CC-248A-EF3C45D5C84E,1682702459691,54092,6
Green video (pNRpAtLg40s&amp;ab_channel) - 60.021,FF931349-2BF8-1C2A-EB85-91BBD63C9C46_1,1037189E-291A-31FF-C8B5-63569DE332A9,3B7EAEB4-595D-03CC-248A-EF3C45D5C84E,1682702459959,54360,5
Green video (pNRpAtLg40s&amp;ab_channel) - 60.021,FF931349-2BF8-1C2A-EB85-91BBD63C9C46_1,1037189E-291A-31FF-C8B5-63569DE332A9,3B7EAEB4-595D-03CC-248A-EF3C45D5C84E,1682702459991,54392,4
Green video (pNRpAtLg40s&amp;ab_channel) - 60.021,FF931349-2BF8-1C2A-EB85-91BBD63C9C46_1,1037189E-291A-31FF-C8B5-63569DE332A9,3B7EAEB4-595D-03CC-248A-EF3C45D5C84E,1682702460026,54427,3
Green video (pNRpAtLg40s&amp;ab_channel) - 60.021,FF931349-2BF8-1C2A-EB85-91BBD63C9C46_1,1037189E-291A-31FF-C8B5-63569DE332A9,3B7EAEB4-595D-03CC-248A-EF3C45D5C84E,1682702460292,54694,2
Green video (pNRpAtLg40s&amp;ab_channel) - 60.021,FF931349-2BF8-1C2A-EB85-91BBD63C9C46_1,1037189E-291A-31FF-C8B5-63569DE332A9,3B7EAEB4-595D-03CC-248A-EF3C45D5C84E,1682702460310,54712,1
Green video (pNRpAtLg40s&amp;ab_channel) - 60.021,FF931349-2BF8-1C2A-EB85-91BBD63C9C46_1,1037189E-291A-31FF-C8B5-63569DE332A9,3B7EAEB4-595D-03CC-248A-EF3C45D5C84E,1682702460342,54744,0
Green video (pNRpAtLg40s&amp;ab_channel) - 60.021,FF931349-2BF8-1C2A-EB85-91BBD63C9C46_1,1037189E-291A-31FF-C8B5-63569DE332A9,3B7EAEB4-595D-03CC-248A-EF3C45D5C84E,1682702460659,55061,-2
Green video (pNRpAtLg40s&amp;ab_channel) - 60.021,FF931349-2BF8-1C2A-EB85-91BBD63C9C46_1,1037189E-291A-31FF-C8B5-63569DE332A9,3B7EAEB4-595D-03CC-248A-EF3C45D5C84E,1682702461076,55477,-3
Green video (pNRpAtLg40s&amp;ab_channel) - 60.021,FF931349-2BF8-1C2A-EB85-91BBD63C9C46_1,1037189E-291A-31FF-C8B5-63569DE332A9,3B7EAEB4-595D-03CC-248A-EF3C45D5C84E,1682702460626,55028,-1
Green video (pNRpAtLg40s&amp;ab_channel) - 60.021,FF931349-2BF8-1C2A-EB85-91BBD63C9C46_1,1037189E-291A-31FF-C8B5-63569DE332A9,3B7EAEB4-595D-03CC-248A-EF3C45D5C84E,1682702461109,55510,-4
Green video (pNRpAtLg40s&amp;ab_channel) - 60.021,FF931349-2BF8-1C2A-EB85-91BBD63C9C46_1,1037189E-291A-31FF-C8B5-63569DE332A9,3B7EAEB4-595D-03CC-248A-EF3C45D5C84E,1682702461142,55543,-5
Green video (pNRpAtLg40s&amp;ab_channel) - 60.021,FF931349-2BF8-1C2A-EB85-91BBD63C9C46_1,1037189E-291A-31FF-C8B5-63569DE332A9,3B7EAEB4-595D-03CC-248A-EF3C45D5C84E,1682702461459,55860,-6
Green video (pNRpAtLg40s&amp;ab_channel) - 60.021,FF931349-2BF8-1C2A-EB85-91BBD63C9C46_1,1037189E-291A-31FF-C8B5-63569DE332A9,3B7EAEB4-595D-03CC-248A-EF3C45D5C84E,1682702461475,55876,-7
Green video (pNRpAtLg40s&amp;ab_channel) - 60.021,FF931349-2BF8-1C2A-EB85-91BBD63C9C46_1,1037189E-291A-31FF-C8B5-63569DE332A9,3B7EAEB4-595D-03CC-248A-EF3C45D5C84E,1682702461492,55893,-8
Green video (pNRpAtLg40s&amp;ab_channel) - 60.021,FF931349-2BF8-1C2A-EB85-91BBD63C9C46_1,1037189E-291A-31FF-C8B5-63569DE332A9,3B7EAEB4-595D-03CC-248A-EF3C45D5C84E,1682702461509,55910,-9
Green video (pNRpAtLg40s&amp;ab_channel) - 60.021,FF931349-2BF8-1C2A-EB85-91BBD63C9C46_1,1037189E-291A-31FF-C8B5-63569DE332A9,3B7EAEB4-595D-03CC-248A-EF3C45D5C84E,1682702461760,56157,-10
Green video (pNRpAtLg40s&amp;ab_channel) - 60.021,FF931349-2BF8-1C2A-EB85-91BBD63C9C46_1,1037189E-291A-31FF-C8B5-63569DE332A9,3B7EAEB4-595D-03CC-248A-EF3C45D5C84E,1682702461775,56173,-11
Green video (pNRpAtLg40s&amp;ab_channel) - 60.021,FF931349-2BF8-1C2A-EB85-91BBD63C9C46_1,1037189E-291A-31FF-C8B5-63569DE332A9,3B7EAEB4-595D-03CC-248A-EF3C45D5C84E,1682702461793,56191,-12
Green video (pNRpAtLg40s&amp;ab_channel) - 60.021,FF931349-2BF8-1C2A-EB85-91BBD63C9C46_1,1037189E-291A-31FF-C8B5-63569DE332A9,3B7EAEB4-595D-03CC-248A-EF3C45D5C84E,1682702461810,56208,-14
Green video (pNRpAtLg40s&amp;ab_channel) - 60.021,FF931349-2BF8-1C2A-EB85-91BBD63C9C46_1,1037189E-291A-31FF-C8B5-63569DE332A9,3B7EAEB4-595D-03CC-248A-EF3C45D5C84E,1682702461825,56223,-15
Green video (pNRpAtLg40s&amp;ab_channel) - 60.021,FF931349-2BF8-1C2A-EB85-91BBD63C9C46_1,1037189E-291A-31FF-C8B5-63569DE332A9,3B7EAEB4-595D-03CC-248A-EF3C45D5C84E,1682702463376,57778,-16
Green video (pNRpAtLg40s&amp;ab_channel) - 60.021,FF931349-2BF8-1C2A-EB85-91BBD63C9C46_1,1037189E-291A-31FF-C8B5-63569DE332A9,3B7EAEB4-595D-03CC-248A-EF3C45D5C84E,1682702463727,58129,-17
Green video (pNRpAtLg40s&amp;ab_channel) - 60.021,FF931349-2BF8-1C2A-EB85-91BBD63C9C46_1,1037189E-291A-31FF-C8B5-63569DE332A9,3B7EAEB4-595D-03CC-248A-EF3C45D5C84E,1682702463759,58161,-18
Green video (pNRpAtLg40s&amp;ab_channel) - 60.021,FF931349-2BF8-1C2A-EB85-91BBD63C9C46_1,1037189E-291A-31FF-C8B5-63569DE332A9,3B7EAEB4-595D-03CC-248A-EF3C45D5C84E,1682702464743,59144,-19
Green video (pNRpAtLg40s&amp;ab_channel) - 60.021,FF931349-2BF8-1C2A-EB85-91BBD63C9C46_1,1037189E-291A-31FF-C8B5-63569DE332A9,3B7EAEB4-595D-03CC-248A-EF3C45D5C84E,1682702464793,59194,-20
Green video (pNRpAtLg40s&amp;ab_channel) - 60.021,FF931349-2BF8-1C2A-EB85-91BBD63C9C46_1,1037189E-291A-31FF-C8B5-63569DE332A9,3B7EAEB4-595D-03CC-248A-EF3C45D5C84E,1682702464810,59211,-21
Green video (pNRpAtLg40s&amp;ab_channel) - 60.021,FF931349-2BF8-1C2A-EB85-91BBD63C9C46_1,1037189E-291A-31FF-C8B5-63569DE332A9,3B7EAEB4-595D-03CC-248A-EF3C45D5C84E,1682702464826,59227,-22
Green video (pNRpAtLg40s&amp;ab_channel) - 60.021,FF931349-2BF8-1C2A-EB85-91BBD63C9C46_1,1037189E-291A-31FF-C8B5-63569DE332A9,3B7EAEB4-595D-03CC-248A-EF3C45D5C84E,1682702464876,59277,-23
Green video (pNRpAtLg40s&amp;ab_channel) - 60.021,FF931349-2BF8-1C2A-EB85-91BBD63C9C46_1,1037189E-291A-31FF-C8B5-63569DE332A9,3B7EAEB4-595D-03CC-248A-EF3C45D5C84E,1682702468701,60078,0
