Value,Frame,Seconds
150.5,1,0
151.0,2,0
151.5,3,0
152.0,4,0
152.5,5,0
153.0,6,0
153.5,7,0
154.0,8,0
154.5,9,0
155.0,10,0
155.5,11,0
156.0,12,0
156.5,13,0
157.0,14,0
157.5,15,0
158.0,16,0
158.5,17,0
159.0,18,0
159.5,19,0
160.0,20,0
160.5,21,0
161.0,22,0
161.5,23,0
162.0,24,0
162.5,25,0
163.0,26,0
163.5,27,0
164.0,28,0
164.5,29,0
165.0,30,0
165.5,31,0
166.0,32,0
166.5,33,0
167.0,34,0
167.5,35,0
168.0,36,0
168.5,37,0
169.0,38,0
169.5,39,0
170.0,40,0
170.5,41,0
171.0,42,0
171.5,43,0
172.0,44,0
172.5,45,0
173.0,46,0
173.5,47,0
174.0,48,0
174.5,49,0
175.0,50,0
175.5,51,0
176.0,52,0
176.5,53,0
177.0,54,0
177.5,55,0
178.0,56,0
178.5,57,0
179.0,58,0
179.5,59,0
180.0,60,1
180.5,61,1
181.0,62,1
181.5,63,1
182.0,64,1
182.5,65,1
183.0,66,1
183.5,67,1
184.0,68,1
184.5,69,1
185.0,70,1
185.5,71,1
186.0,72,1
186.5,73,1
187.0,74,1
187.5,75,1
188.0,76,1
188.5,77,1
189.0,78,1
189.5,79,1
190.0,80,1
190.5,81,1
191.0,82,1
191.5,83,1
192.0,84,1
192.5,85,1
193.0,86,1
193.5,87,1
194.0,88,1
194.5,89,1
195.0,90,1
195.5,91,1
196.0,92,1
196.5,93,1
197.0,94,1
197.5,95,1
198.0,96,1
198.5,97,1
199.0,98,1
199.5,99,1
200.0,100,1
200.5,101,1
201.0,102,1
201.5,103,1
202.0,104,1
202.5,105,1
203.0,106,1
203.5,107,1
204.0,108,1
204.5,109,1
205.0,110,1
205.5,111,1
206.0,112,1
206.5,113,1
207.0,114,1
207.5,115,1
208.0,116,1
208.5,117,1
209.0,118,1
209.5,119,1
210.0,120,2
210.5,121,2
211.0,122,2
211.5,123,2
212.0,124,2
212.5,125,2
213.0,126,2
213.5,127,2
214.0,128,2
214.5,129,2
215.0,130,2
215.5,131,2
216.0,132,2
216.5,133,2
217.0,134,2
217.5,135,2
218.0,136,2
218.5,137,2
219.0,138,2
219.5,139,2
220.0,140,2
220.5,141,2
221.0,142,2
221.5,143,2
222.0,144,2
222.5,145,2
223.0,146,2
223.5,147,2
224.0,148,2
224.5,149,2
225.0,150,2
225.5,151,2
226.0,152,2
226.5,153,2
227.0,154,2
227.5,155,2
228.0,156,2
228.5,157,2
229.0,158,2
229.5,159,2
230.0,160,2
230.5,161,2
231.0,162,2
231.5,163,2
232.0,164,2
232.5,165,2
233.0,166,2
233.5,167,2
234.0,168,2
234.5,169,2
235.0,170,2
235.5,171,2
236.0,172,2
236.5,173,2
237.0,174,2
237.5,175,2
238.0,176,2
238.5,177,2
239.0,178,2
239.5,179,2
240.0,180,3
240.5,181,3
241.0,182,3
241.5,183,3
242.0,184,3
242.5,185,3
243.0,186,3
243.5,187,3
244.0,188,3
244.5,189,3
245.0,190,3
245.5,191,3
246.0,192,3
246.5,193,3
247.0,194,3
247.5,195,3
248.0,196,3
248.5,197,3
249.0,198,3
249.5,199,3
249.5,200,3
249.5,201,3
249.5,202,3
249.5,203,3
249.5,204,3
249.5,205,3
249.5,206,3
249.5,207,3
249.5,208,3
249.5,209,3
249.5,210,3
249.5,211,3
249.5,212,3
249.5,213,3
249.5,214,3
249.5,215,3
249.5,216,3
249.5,217,3
249.5,218,3
249.5,219,3
249.5,220,3
249.5,221,3
249.5,222,3
249.5,223,3
249.5,224,3
249.5,225,3
249.5,226,3
249.5,227,3
249.5,228,3
249.5,229,3
249.5,230,3
249.5,231,3
249.5,232,3
249.5,233,3
249.5,234,3
249.5,235,3
249.5,236,3
249.5,237,3
249.5,238,3
249.5,239,3
249.5,240,4
249.5,241,4
249.5,242,4
249.5,243,4
249.5,244,4
249.5,245,4
249.5,246,4
249.5,247,4
249.5,248,4
249.5,249,4
249.5,250,4
249.5,251,4
249.5,252,4
249.5,253,4
249.5,254,4
249.5,255,4
249.5,256,4
249.5,257,4
249.5,258,4
249.5,259,4
249.5,260,4
249.5,261,4
249.5,262,4
249.5,263,4
249.5,264,4
249.5,265,4
249.5,266,4
249.5,267,4
249.5,268,4
249.5,269,4
249.5,270,4
249.5,271,4
249.5,272,4
249.5,273,4
249.5,274,4
249.5,275,4
249.5,276,4
249.5,277,4
249.5,278,4
249.5,279,4
249.5,280,4
249.5,281,4
249.5,282,4
249.5,283,4
249.5,284,4
249.5,285,4
249.5,286,4
249.5,287,4
249.5,288,4
249.5,289,4
249.5,290,4
249.0,291,4
248.5,292,4
248.0,293,4
247.5,294,4
247.0,295,4
246.5,296,4
246.0,297,4
245.5,298,4
245.0,299,4
244.5,300,5
244.0,301,5
243.5,302,5
243.0,303,5
242.5,304,5
242.0,305,5
241.5,306,5
241.0,307,5
240.5,308,5
240.0,309,5
239.5,310,5
239.0,311,5
238.5,312,5
238.0,313,5
237.5,314,5
237.0,315,5
236.5,316,5
236.0,317,5
235.5,318,5
235.0,319,5
234.5,320,5
234.0,321,5
233.5,322,5
233.0,323,5
232.5,324,5
232.0,325,5
231.5,326,5
231.0,327,5
230.5,328,5
230.0,329,5
229.5,330,5
229.0,331,5
228.5,332,5
228.0,333,5
227.5,334,5
227.0,335,5
226.5,336,5
226.0,337,5
225.5,338,5
225.0,339,5
224.5,340,5
224.0,341,5
223.5,342,5
223.0,343,5
222.5,344,5
222.0,345,5
221.5,346,5
221.0,347,5
220.5,348,5
220.0,349,5
219.5,350,5
219.0,351,5
218.5,352,5
218.0,353,5
217.5,354,5
217.0,355,5
216.5,356,5
216.0,357,5
215.5,358,5
215.0,359,5
214.5,360,6
214.0,361,6
213.5,362,6
213.0,363,6
212.5,364,6
212.0,365,6
211.5,366,6
211.0,367,6
210.5,368,6
210.0,369,6
209.5,370,6
209.0,371,6
208.5,372,6
208.0,373,6
207.5,374,6
207.0,375,6
206.5,376,6
206.0,377,6
205.5,378,6
205.0,379,6
204.5,380,6
204.0,381,6
203.5,382,6
203.0,383,6
202.5,384,6
202.0,385,6
201.5,386,6
201.0,387,6
200.5,388,6
200.0,389,6
199.5,390,6
199.0,391,6
198.5,392,6
198.0,393,6
197.5,394,6
197.0,395,6
196.5,396,6
196.0,397,6
195.5,398,6
195.0,399,6
194.5,400,6
194.0,401,6
193.5,402,6
193.0,403,6
192.5,404,6
192.0,405,6
191.5,406,6
191.0,407,6
190.5,408,6
190.0,409,6
189.5,410,6
189.0,411,6
188.5,412,6
188.0,413,6
187.5,414,6
187.0,415,6
186.5,416,6
186.0,417,6
185.5,418,6
185.0,419,6
184.5,420,7
184.0,421,7
183.5,422,7
183.0,423,7
182.5,424,7
182.0,425,7
181.5,426,7
181.0,427,7
180.5,428,7
180.0,429,7
179.5,430,7
179.0,431,7
178.5,432,7
178.0,433,7
177.5,434,7
177.0,435,7
176.5,436,7
176.0,437,7
175.5,438,7
175.0,439,7
174.5,440,7
174.0,441,7
173.5,442,7
173.0,443,7
172.5,444,7
172.0,445,7
171.5,446,7
171.0,447,7
170.5,448,7
170.0,449,7
169.5,450,7
169.0,451,7
168.5,452,7
168.0,453,7
167.5,454,7
167.0,455,7
166.5,456,7
166.0,457,7
165.5,458,7
165.0,459,7
164.5,460,7
164.0,461,7
163.5,462,7
163.0,463,7
162.5,464,7
162.0,465,7
161.5,466,7
161.0,467,7
160.5,468,7
160.0,469,7
159.5,470,7
159.0,471,7
158.5,472,7
158.0,473,7
157.5,474,7
157.0,475,7
156.5,476,7
156.0,477,7
155.5,478,7
155.0,479,7
154.5,480,8
154.0,481,8
153.5,482,8
153.0,483,8
152.5,484,8
152.0,485,8
151.5,486,8
151.0,487,8
150.5,488,8
150.0,489,8
149.5,490,8
149.0,491,8
148.5,492,8
148.0,493,8
147.5,494,8
147.0,495,8
146.5,496,8
146.0,497,8
145.5,498,8
145.0,499,8
144.5,500,8
144.0,501,8
143.5,502,8
143.0,503,8
142.5,504,8
142.0,505,8
141.5,506,8
141.0,507,8
140.5,508,8
140.0,509,8
139.5,510,8
139.0,511,8
138.5,512,8
138.0,513,8
137.5,514,8
137.0,515,8
136.5,516,8
136.0,517,8
135.5,518,8
135.0,519,8
134.5,520,8
134.0,521,8
133.5,522,8
133.0,523,8
132.5,524,8
132.0,525,8
131.5,526,8
131.0,527,8
130.5,528,8
130.0,529,8
129.5,530,8
129.0,531,8
128.5,532,8
128.0,533,8
127.5,534,8
127.0,535,8
126.5,536,8
126.0,537,8
125.5,538,8
125.0,539,8
124.5,540,9
124.0,541,9
123.5,542,9
123.0,543,9
122.5,544,9
122.0,545,9
121.5,546,9
121.0,547,9
120.5,548,9
120.0,549,9
119.5,550,9
119.0,551,9
118.5,552,9
118.0,553,9
117.5,554,9
117.0,555,9
116.5,556,9
116.0,557,9
115.5,558,9
115.0,559,9
114.5,560,9
114.0,561,9
113.5,562,9
113.0,563,9
112.5,564,9
112.0,565,9
111.5,566,9
111.0,567,9
110.5,568,9
110.0,569,9
109.5,570,9
109.0,571,9
108.5,572,9
108.0,573,9
107.5,574,9
107.0,575,9
106.5,576,9
106.0,577,9
105.5,578,9
105.0,579,9
104.5,580,9
104.0,581,9
103.5,582,9
103.0,583,9
102.5,584,9
102.0,585,9
101.5,586,9
101.0,587,9
100.5,588,9
100.0,589,9
99.5,590,9
99.0,591,9
98.5,592,9
98.0,593,9
97.5,594,9
97.0,595,9
96.5,596,9
96.0,597,9
95.5,598,9
95.0,599,9
94.5,600,10
94.0,601,10
93.5,602,10
93.0,603,10
92.5,604,10
92.0,605,10
91.5,606,10
91.0,607,10
90.5,608,10
90.0,609,10
89.5,610,10
89.0,611,10
88.5,612,10
88.0,613,10
87.5,614,10
87.0,615,10
86.5,616,10
86.0,617,10
85.5,618,10
85.0,619,10
84.5,620,10
84.0,621,10
83.5,622,10
83.0,623,10
82.5,624,10
82.0,625,10
81.5,626,10
81.0,627,10
80.5,628,10
80.0,629,10
79.5,630,10
79.0,631,10
78.5,632,10
78.0,633,10
77.5,634,10
77.0,635,10
76.5,636,10
76.0,637,10
75.5,638,10
75.0,639,10
74.5,640,10
74.0,641,10
73.5,642,10
73.0,643,10
72.5,644,10
72.0,645,10
71.5,646,10
71.0,647,10
70.5,648,10
70.0,649,10
69.5,650,10
69.0,651,10
68.5,652,10
68.0,653,10
67.5,654,10
67.0,655,10
66.5,656,10
66.0,657,10
65.5,658,10
65.0,659,10
64.5,660,11
64.0,661,11
63.5,662,11
63.0,663,11
62.5,664,11
62.0,665,11
61.5,666,11
61.0,667,11
60.5,668,11
60.0,669,11
59.5,670,11
59.0,671,11
58.5,672,11
58.0,673,11
57.5,674,11
57.0,675,11
56.5,676,11
56.0,677,11
55.5,678,11
55.0,679,11
54.5,680,11
54.0,681,11
53.5,682,11
53.0,683,11
52.5,684,11
52.0,685,11
51.5,686,11
51.0,687,11
50.5,688,11
50.0,689,11
49.5,690,11
49.0,691,11
48.5,692,11
48.0,693,11
47.5,694,11
47.0,695,11
46.5,696,11
46.0,697,11
45.5,698,11
45.0,699,11
45.0,700,11
45.0,701,11
45.0,702,11
45.0,703,11
45.0,704,11
45.0,705,11
45.0,706,11
45.0,707,11
45.0,708,11
45.0,709,11
45.0,710,11
45.0,711,11
45.0,712,11
45.0,713,11
45.0,714,11
45.0,715,11
45.0,716,11
45.0,717,11
45.0,718,11
45.0,719,11
45.0,720,12
45.0,721,12
45.0,722,12
45.0,723,12
45.0,724,12
45.0,725,12
45.0,726,12
45.0,727,12
45.0,728,12
45.0,729,12
45.0,730,12
45.0,731,12
45.0,732,12
45.0,733,12
45.0,734,12
45.0,735,12
45.0,736,12
45.0,737,12
45.0,738,12
45.0,739,12
45.0,740,12
45.0,741,12
45.0,742,12
45.0,743,12
45.0,744,12
45.0,745,12
45.0,746,12
45.0,747,12
45.0,748,12
45.0,749,12
45.0,750,12
45.0,751,12
45.0,752,12
45.0,753,12
45.0,754,12
45.0,755,12
45.0,756,12
45.0,757,12
45.0,758,12
45.0,759,12
45.0,760,12
45.0,761,12
45.0,762,12
45.0,763,12
45.0,764,12
45.0,765,12
45.0,766,12
45.0,767,12
45.0,768,12
45.0,769,12
45.0,770,12
45.0,771,12
45.0,772,12
45.0,773,12
45.0,774,12
45.0,775,12
45.0,776,12
45.0,777,12
45.0,778,12
45.0,779,12
45.0,780,13
45.0,781,13
45.0,782,13
45.0,783,13
45.0,784,13
45.0,785,13
45.0,786,13
45.0,787,13
45.0,788,13
45.0,789,13
45.0,790,13
45.0,791,13
45.0,792,13
45.0,793,13
45.0,794,13
45.0,795,13
45.0,796,13
45.0,797,13
45.0,798,13
45.0,799,13
45.0,800,13
45.0,801,13
45.0,802,13
45.0,803,13
45.0,804,13
45.0,805,13
45.0,806,13
45.0,807,13
45.0,808,13
45.0,809,13
45.0,810,13
45.0,811,13
45.0,812,13
45.0,813,13
45.0,814,13
45.0,815,13
45.0,816,13
45.0,817,13
45.0,818,13
45.0,819,13
45.0,820,13
45.0,821,13
45.0,822,13
45.0,823,13
45.0,824,13
45.0,825,13
45.0,826,13
45.0,827,13
45.0,828,13
45.0,829,13
45.0,830,13
45.0,831,13
45.0,832,13
45.0,833,13
45.0,834,13
45.0,835,13
45.0,836,13
45.0,837,13
45.0,838,13
45.0,839,13
45.0,840,14
45.0,841,14
45.0,842,14
45.0,843,14
45.0,844,14
45.0,845,14
45.0,846,14
45.0,847,14
45.0,848,14
45.0,849,14
45.0,850,14
45.0,851,14
45.0,852,14
45.0,853,14
45.0,854,14
45.0,855,14
45.0,856,14
45.0,857,14
45.0,858,14
45.0,859,14
45.0,860,14
45.0,861,14
45.0,862,14
45.0,863,14
45.0,864,14
45.0,865,14
45.0,866,14
45.0,867,14
45.0,868,14
45.0,869,14
45.0,870,14
45.0,871,14
45.0,872,14
45.0,873,14
45.0,874,14
45.0,875,14
45.0,876,14
45.0,877,14
45.0,878,14
45.0,879,14
45.0,880,14
45.0,881,14
45.0,882,14
45.0,883,14
45.0,884,14
45.0,885,14
45.0,886,14
45.0,887,14
45.0,888,14
45.0,889,14
45.0,890,14
45.0,891,14
45.0,892,14
45.0,893,14
45.0,894,14
45.0,895,14
45.0,896,14
45.0,897,14
45.0,898,14
45.0,899,14
45.0,900,15
45.5,901,15
46.0,902,15
46.5,903,15
47.0,904,15
47.5,905,15
48.0,906,15
48.5,907,15
49.0,908,15
49.5,909,15
50.0,910,15
50.5,911,15
51.0,912,15
51.5,913,15
52.0,914,15
52.5,915,15
53.0,916,15
53.5,917,15
54.0,918,15
54.5,919,15
55.0,920,15
55.5,921,15
56.0,922,15
56.5,923,15
57.0,924,15
57.5,925,15
58.0,926,15
58.5,927,15
59.0,928,15
59.5,929,15
60.0,930,15
60.5,931,15
61.0,932,15
61.5,933,15
62.0,934,15
62.5,935,15
63.0,936,15
63.5,937,15
64.0,938,15
64.5,939,15
65.0,940,15
65.5,941,15
66.0,942,15
66.5,943,15
67.0,944,15
67.5,945,15
68.0,946,15
68.5,947,15
69.0,948,15
69.5,949,15
70.0,950,15
70.5,951,15
71.0,952,15
71.5,953,15
72.0,954,15
72.5,955,15
73.0,956,15
73.5,957,15
74.0,958,15
74.5,959,15
75.0,960,16
75.5,961,16
76.0,962,16
76.5,963,16
77.0,964,16
77.5,965,16
78.0,966,16
78.5,967,16
79.0,968,16
79.5,969,16
80.0,970,16
80.5,971,16
81.0,972,16
81.5,973,16
82.0,974,16
82.5,975,16
83.0,976,16
83.5,977,16
84.0,978,16
84.5,979,16
85.0,980,16
85.5,981,16
86.0,982,16
86.5,983,16
87.0,984,16
87.5,985,16
88.0,986,16
88.5,987,16
89.0,988,16
89.5,989,16
90.0,990,16
90.5,991,16
91.0,992,16
91.5,993,16
92.0,994,16
92.5,995,16
93.0,996,16
93.5,997,16
94.0,998,16
94.5,999,16
95.0,1000,16
95.5,1001,16
96.0,1002,16
96.5,1003,16
97.0,1004,16
97.5,1005,16
98.0,1006,16
98.5,1007,16
99.0,1008,16
99.5,1009,16
100.0,1010,16
100.5,1011,16
101.0,1012,16
101.5,1013,16
102.0,1014,16
102.5,1015,16
103.0,1016,16
103.5,1017,16
104.0,1018,16
104.5,1019,16
105.0,1020,17
105.5,1021,17
106.0,1022,17
106.5,1023,17
107.0,1024,17
107.5,1025,17
108.0,1026,17
108.5,1027,17
109.0,1028,17
109.5,1029,17
110.0,1030,17
110.5,1031,17
111.0,1032,17
111.5,1033,17
112.0,1034,17
112.5,1035,17
113.0,1036,17
113.5,1037,17
114.0,1038,17
114.5,1039,17
115.0,1040,17
115.5,1041,17
116.0,1042,17
116.5,1043,17
117.0,1044,17
117.5,1045,17
118.0,1046,17
118.5,1047,17
119.0,1048,17
119.5,1049,17
120.0,1050,17
120.5,1051,17
121.0,1052,17
121.5,1053,17
122.0,1054,17
122.5,1055,17
123.0,1056,17
123.5,1057,17
124.0,1058,17
124.5,1059,17
125.0,1060,17
125.5,1061,17
126.0,1062,17
126.5,1063,17
127.0,1064,17
127.5,1065,17
128.0,1066,17
128.5,1067,17
129.0,1068,17
129.5,1069,17
130.0,1070,17
130.5,1071,17
131.0,1072,17
131.5,1073,17
132.0,1074,17
132.5,1075,17
133.0,1076,17
133.5,1077,17
134.0,1078,17
134.5,1079,17
135.0,1080,18
135.5,1081,18
136.0,1082,18
136.5,1083,18
137.0,1084,18
137.5,1085,18
138.0,1086,18
138.5,1087,18
139.0,1088,18
139.5,1089,18
140.0,1090,18
140.5,1091,18
141.0,1092,18
141.5,1093,18
142.0,1094,18
142.5,1095,18
143.0,1096,18
143.5,1097,18
144.0,1098,18
144.5,1099,18
145.0,1100,18
145.5,1101,18
146.0,1102,18
146.5,1103,18
147.0,1104,18
147.5,1105,18
148.0,1106,18
148.5,1107,18
149.0,1108,18
149.5,1109,18
150.0,1110,18
150.5,1111,18
151.0,1112,18
151.5,1113,18
152.0,1114,18
152.5,1115,18
153.0,1116,18
153.5,1117,18
154.0,1118,18
154.5,1119,18
155.0,1120,18
155.5,1121,18
156.0,1122,18
156.5,1123,18
157.0,1124,18
157.5,1125,18
158.0,1126,18
158.5,1127,18
159.0,1128,18
159.5,1129,18
160.0,1130,18
160.5,1131,18
161.0,1132,18
161.5,1133,18
162.0,1134,18
162.5,1135,18
163.0,1136,18
163.5,1137,18
164.0,1138,18
164.5,1139,18
164.5,1140,19
164.5,1141,19
164.5,1142,19
164.5,1143,19
164.5,1144,19
164.5,1145,19
164.5,1146,19
164.5,1147,19
164.5,1148,19
164.5,1149,19
164.5,1150,19
164.5,1151,19
164.5,1152,19
164.5,1153,19
164.5,1154,19
164.5,1155,19
164.5,1156,19
164.5,1157,19
164.5,1158,19
164.5,1159,19
164.5,1160,19
164.5,1161,19
164.5,1162,19
164.5,1163,19
164.5,1164,19
164.5,1165,19
164.5,1166,19
164.5,1167,19
164.5,1168,19
164.5,1169,19
164.5,1170,19
164.5,1171,19
164.5,1172,19
164.5,1173,19
164.5,1174,19
164.5,1175,19
164.5,1176,19
164.5,1177,19
164.5,1178,19
164.5,1179,19
164.5,1180,19
164.5,1181,19
164.5,1182,19
164.5,1183,19
164.5,1184,19
164.5,1185,19
164.5,1186,19
164.5,1187,19
164.5,1188,19
164.5,1189,19
164.5,1190,19
164.5,1191,19
164.5,1192,19
164.5,1193,19
164.5,1194,19
164.5,1195,19
164.5,1196,19
164.5,1197,19
164.5,1198,19
164.5,1199,19
164.5,1200,20
164.5,1201,20
164.5,1202,20
164.5,1203,20
164.5,1204,20
164.5,1205,20
164.5,1206,20
164.5,1207,20
164.5,1208,20
164.5,1209,20
164.5,1210,20
164.5,1211,20
164.5,1212,20
164.5,1213,20
164.5,1214,20
164.5,1215,20
164.5,1216,20
164.5,1217,20
164.5,1218,20
164.5,1219,20
164.5,1220,20
164.5,1221,20
164.5,1222,20
164.5,1223,20
164.5,1224,20
164.5,1225,20
164.5,1226,20
164.5,1227,20
164.5,1228,20
164.5,1229,20
164.5,1230,20
164.5,1231,20
164.5,1232,20
164.5,1233,20
164.5,1234,20
164.5,1235,20
164.5,1236,20
164.5,1237,20
164.5,1238,20
164.5,1239,20
164.5,1240,20
164.5,1241,20
164.5,1242,20
164.5,1243,20
164.5,1244,20
164.5,1245,20
164.5,1246,20
164.5,1247,20
164.5,1248,20
164.5,1249,20
164.5,1250,20
164.5,1251,20
164.5,1252,20
164.5,1253,20
164.5,1254,20
164.5,1255,20
164.5,1256,20
164.5,1257,20
164.5,1258,20
164.5,1259,20
164.5,1260,21
164.5,1261,21
164.5,1262,21
164.5,1263,21
164.5,1264,21
164.5,1265,21
164.5,1266,21
164.5,1267,21
164.5,1268,21
164.5,1269,21
164.5,1270,21
164.5,1271,21
164.5,1272,21
164.5,1273,21
164.5,1274,21
164.5,1275,21
164.5,1276,21
164.5,1277,21
164.5,1278,21
164.5,1279,21
164.5,1280,21
164.5,1281,21
164.5,1282,21
164.5,1283,21
164.5,1284,21
164.5,1285,21
164.5,1286,21
164.5,1287,21
164.5,1288,21
164.5,1289,21
164.5,1290,21
164.5,1291,21
164.5,1292,21
164.5,1293,21
164.5,1294,21
164.5,1295,21
164.5,1296,21
164.5,1297,21
164.5,1298,21
164.5,1299,21
164.5,1300,21
164.5,1301,21
164.5,1302,21
164.5,1303,21
164.5,1304,21
164.5,1305,21
164.5,1306,21
164.5,1307,21
164.5,1308,21
164.5,1309,21
164.5,1310,21
164.5,1311,21
164.5,1312,21
164.5,1313,21
164.5,1314,21
164.5,1315,21
164.5,1316,21
164.5,1317,21
164.5,1318,21
164.5,1319,21
164.5,1320,22
164.0,1321,22
163.5,1322,22
163.0,1323,22
162.5,1324,22
162.0,1325,22
161.5,1326,22
161.0,1327,22
160.5,1328,22
160.0,1329,22
159.5,1330,22
159.0,1331,22
158.5,1332,22
158.0,1333,22
157.5,1334,22
157.0,1335,22
156.5,1336,22
156.0,1337,22
155.5,1338,22
155.0,1339,22
154.5,1340,22
154.0,1341,22
153.5,1342,22
153.0,1343,22
152.5,1344,22
152.0,1345,22
151.5,1346,22
151.0,1347,22
150.5,1348,22
150.0,1349,22
149.5,1350,22
149.0,1351,22
148.5,1352,22
148.0,1353,22
147.5,1354,22
147.0,1355,22
146.5,1356,22
146.0,1357,22
145.5,1358,22
145.0,1359,22
144.5,1360,22
144.0,1361,22
143.5,1362,22
143.0,1363,22
142.5,1364,22
142.0,1365,22
141.5,1366,22
141.0,1367,22
140.5,1368,22
140.0,1369,22
139.5,1370,22
139.0,1371,22
138.5,1372,22
138.0,1373,22
137.5,1374,22
137.0,1375,22
136.5,1376,22
136.0,1377,22
135.5,1378,22
135.0,1379,22
134.5,1380,23
134.0,1381,23
133.5,1382,23
133.0,1383,23
132.5,1384,23
132.0,1385,23
131.5,1386,23
131.0,1387,23
130.5,1388,23
130.0,1389,23
129.5,1390,23
129.0,1391,23
128.5,1392,23
128.0,1393,23
127.5,1394,23
127.0,1395,23
126.5,1396,23
126.0,1397,23
125.5,1398,23
125.0,1399,23
124.5,1400,23
124.0,1401,23
123.5,1402,23
123.0,1403,23
122.5,1404,23
122.0,1405,23
121.5,1406,23
121.0,1407,23
120.5,1408,23
120.0,1409,23
119.5,1410,23
119.0,1411,23
118.5,1412,23
118.0,1413,23
117.5,1414,23
117.0,1415,23
116.5,1416,23
116.0,1417,23
115.5,1418,23
115.0,1419,23
114.5,1420,23
114.0,1421,23
113.5,1422,23
113.0,1423,23
112.5,1424,23
112.0,1425,23
111.5,1426,23
111.0,1427,23
110.5,1428,23
110.0,1429,23
109.5,1430,23
109.0,1431,23
108.5,1432,23
108.0,1433,23
107.5,1434,23
107.0,1435,23
106.5,1436,23
106.0,1437,23
105.5,1438,23
105.0,1439,23
104.5,1440,24
104.0,1441,24
103.5,1442,24
103.0,1443,24
102.5,1444,24
102.0,1445,24
101.5,1446,24
101.0,1447,24
100.5,1448,24
100.0,1449,24
99.5,1450,24
99.0,1451,24
98.5,1452,24
98.0,1453,24
97.5,1454,24
97.0,1455,24
96.5,1456,24
96.0,1457,24
95.5,1458,24
95.0,1459,24
94.5,1460,24
94.0,1461,24
93.5,1462,24
93.0,1463,24
92.5,1464,24
92.0,1465,24
91.5,1466,24
91.0,1467,24
90.5,1468,24
90.0,1469,24
89.5,1470,24
89.0,1471,24
88.5,1472,24
88.0,1473,24
87.5,1474,24
87.0,1475,24
86.5,1476,24
86.0,1477,24
85.5,1478,24
85.0,1479,24
84.5,1480,24
84.0,1481,24
83.5,1482,24
83.0,1483,24
82.5,1484,24
82.0,1485,24
81.5,1486,24
81.0,1487,24
80.5,1488,24
80.0,1489,24
79.5,1490,24
79.0,1491,24
78.5,1492,24
78.0,1493,24
77.5,1494,24
77.0,1495,24
76.5,1496,24
76.0,1497,24
75.5,1498,24
75.0,1499,24
75.0,1500,25
75.0,1501,25
75.0,1502,25
75.0,1503,25
75.0,1504,25
75.0,1505,25
75.0,1506,25
75.0,1507,25
75.0,1508,25
75.0,1509,25
75.0,1510,25
75.0,1511,25
75.0,1512,25
75.0,1513,25
75.0,1514,25
75.0,1515,25
75.0,1516,25
75.0,1517,25
75.0,1518,25
75.0,1519,25
75.0,1520,25
75.0,1521,25
75.0,1522,25
75.0,1523,25
75.0,1524,25
75.0,1525,25
75.0,1526,25
75.0,1527,25
75.0,1528,25
75.0,1529,25
75.0,1530,25
75.0,1531,25
75.0,1532,25
75.0,1533,25
75.0,1534,25
75.0,1535,25
75.0,1536,25
75.0,1537,25
75.0,1538,25
75.0,1539,25
75.0,1540,25
75.0,1541,25
75.0,1542,25
75.0,1543,25
75.0,1544,25
75.0,1545,25
75.0,1546,25
75.0,1547,25
75.0,1548,25
75.0,1549,25
75.0,1550,25
75.0,1551,25
75.0,1552,25
75.0,1553,25
75.0,1554,25
75.0,1555,25
75.0,1556,25
75.0,1557,25
75.0,1558,25
75.0,1559,25
75.0,1560,26
75.0,1561,26
75.0,1562,26
75.0,1563,26
75.0,1564,26
75.0,1565,26
75.0,1566,26
75.0,1567,26
75.0,1568,26
75.0,1569,26
75.0,1570,26
75.0,1571,26
75.0,1572,26
75.0,1573,26
75.0,1574,26
75.0,1575,26
75.0,1576,26
75.0,1577,26
75.0,1578,26
75.0,1579,26
75.0,1580,26
75.0,1581,26
75.0,1582,26
75.0,1583,26
75.0,1584,26
75.0,1585,26
75.0,1586,26
75.0,1587,26
75.0,1588,26
75.0,1589,26
75.0,1590,26
75.0,1591,26
75.0,1592,26
75.0,1593,26
75.0,1594,26
75.0,1595,26
75.0,1596,26
75.0,1597,26
75.0,1598,26
75.0,1599,26
75.0,1600,26
75.0,1601,26
75.0,1602,26
75.0,1603,26
75.0,1604,26
75.0,1605,26
75.0,1606,26
75.0,1607,26
75.0,1608,26
75.0,1609,26
75.0,1610,26
75.0,1611,26
75.0,1612,26
75.0,1613,26
75.0,1614,26
75.0,1615,26
75.0,1616,26
75.0,1617,26
75.0,1618,26
75.0,1619,26
75.0,1620,27
75.0,1621,27
75.0,1622,27
75.0,1623,27
75.0,1624,27
75.0,1625,27
75.0,1626,27
75.0,1627,27
75.0,1628,27
75.0,1629,27
75.0,1630,27
75.0,1631,27
75.0,1632,27
75.0,1633,27
75.0,1634,27
75.0,1635,27
75.0,1636,27
75.0,1637,27
75.0,1638,27
75.0,1639,27
75.0,1640,27
75.0,1641,27
75.0,1642,27
75.0,1643,27
75.0,1644,27
75.0,1645,27
75.0,1646,27
75.0,1647,27
75.0,1648,27
75.0,1649,27
75.0,1650,27
75.0,1651,27
75.0,1652,27
75.0,1653,27
75.0,1654,27
75.0,1655,27
75.0,1656,27
75.0,1657,27
75.0,1658,27
75.0,1659,27
75.0,1660,27
74.5,1661,27
74.0,1662,27
73.5,1663,27
73.0,1664,27
72.5,1665,27
72.0,1666,27
71.5,1667,27
71.0,1668,27
70.5,1669,27
70.0,1670,27
69.5,1671,27
69.0,1672,27
68.5,1673,27
68.0,1674,27
67.5,1675,27
67.0,1676,27
66.5,1677,27
66.0,1678,27
65.5,1679,27
65.0,1680,28
64.5,1681,28
64.0,1682,28
63.5,1683,28
63.0,1684,28
62.5,1685,28
62.0,1686,28
61.5,1687,28
61.0,1688,28
60.5,1689,28
60.0,1690,28
59.5,1691,28
59.0,1692,28
58.5,1693,28
58.0,1694,28
57.5,1695,28
57.0,1696,28
56.5,1697,28
56.0,1698,28
55.5,1699,28
55.0,1700,28
54.5,1701,28
54.0,1702,28
53.5,1703,28
53.0,1704,28
52.5,1705,28
52.0,1706,28
51.5,1707,28
51.0,1708,28
50.5,1709,28
50.0,1710,28
49.5,1711,28
49.0,1712,28
48.5,1713,28
48.0,1714,28
47.5,1715,28
47.0,1716,28
46.5,1717,28
46.0,1718,28
45.5,1719,28
45.0,1720,28
44.5,1721,28
44.0,1722,28
43.5,1723,28
43.0,1724,28
42.5,1725,28
42.0,1726,28
41.5,1727,28
41.0,1728,28
40.5,1729,28
40.0,1730,28
39.5,1731,28
39.0,1732,28
38.5,1733,28
38.0,1734,28
37.5,1735,28
37.0,1736,28
36.5,1737,28
36.0,1738,28
35.5,1739,28
35.0,1740,29
34.5,1741,29
34.0,1742,29
33.5,1743,29
33.0,1744,29
32.5,1745,29
32.0,1746,29
31.5,1747,29
31.0,1748,29
30.5,1749,29
30.0,1750,29
29.5,1751,29
29.0,1752,29
28.5,1753,29
28.0,1754,29
27.5,1755,29
27.0,1756,29
26.5,1757,29
26.0,1758,29
25.5,1759,29
25.5,1760,29
25.5,1761,29
25.5,1762,29
25.5,1763,29
25.5,1764,29
25.5,1765,29
25.5,1766,29
25.5,1767,29
25.5,1768,29
25.5,1769,29
25.5,1770,29
25.5,1771,29
25.5,1772,29
25.5,1773,29
25.5,1774,29
25.5,1775,29
25.5,1776,29
25.5,1777,29
25.5,1778,29
25.5,1779,29
25.5,1780,29
25.5,1781,29
25.5,1782,29
25.5,1783,29
25.5,1784,29
25.5,1785,29
25.5,1786,29
25.5,1787,29
25.5,1788,29
25.5,1789,29
25.5,1790,29
25.5,1791,29
25.5,1792,29
25.5,1793,29
25.5,1794,29
25.5,1795,29
25.5,1796,29
25.5,1797,29
25.5,1798,29
25.5,1799,29
25.5,1800,30
25.5,1801,30
25.5,1802,30
25.5,1803,30
25.5,1804,30
25.5,1805,30
25.5,1806,30
25.5,1807,30
25.5,1808,30
25.5,1809,30
25.5,1810,30
25.5,1811,30
25.5,1812,30
25.5,1813,30
25.5,1814,30
25.5,1815,30
25.5,1816,30
25.5,1817,30
25.5,1818,30
25.5,1819,30
25.5,1820,30
25.5,1821,30
25.5,1822,30
25.5,1823,30
25.5,1824,30
25.5,1825,30
25.5,1826,30
25.5,1827,30
25.5,1828,30
25.5,1829,30
25.5,1830,30
25.5,1831,30
25.5,1832,30
25.5,1833,30
25.5,1834,30
25.5,1835,30
25.5,1836,30
25.5,1837,30
25.5,1838,30
25.5,1839,30
25.5,1840,30
25.5,1841,30
25.5,1842,30
25.5,1843,30
25.5,1844,30
25.5,1845,30
25.5,1846,30
25.5,1847,30
25.5,1848,30
25.5,1849,30
25.5,1850,30
25.5,1851,30
25.5,1852,30
25.5,1853,30
25.5,1854,30
25.5,1855,30
25.5,1856,30
25.5,1857,30
25.5,1858,30
25.5,1859,30
25.5,1860,31
25.5,1861,31
25.5,1862,31
25.5,1863,31
25.5,1864,31
25.5,1865,31
25.5,1866,31
25.5,1867,31
25.5,1868,31
25.5,1869,31
25.5,1870,31
25.5,1871,31
25.5,1872,31
25.5,1873,31
25.5,1874,31
25.5,1875,31
25.5,1876,31
25.5,1877,31
25.5,1878,31
25.5,1879,31
25.5,1880,31
25.5,1881,31
25.5,1882,31
25.5,1883,31
25.5,1884,31
25.5,1885,31
25.5,1886,31
25.5,1887,31
25.5,1888,31
25.5,1889,31
25.5,1890,31
25.5,1891,31
25.5,1892,31
25.5,1893,31
25.5,1894,31
25.5,1895,31
25.5,1896,31
25.5,1897,31
25.5,1898,31
25.5,1899,31
25.5,1900,31
25.5,1901,31
25.5,1902,31
25.5,1903,31
25.5,1904,31
25.5,1905,31
25.5,1906,31
25.5,1907,31
25.5,1908,31
25.5,1909,31
25.5,1910,31
25.5,1911,31
25.5,1912,31
25.5,1913,31
25.5,1914,31
25.5,1915,31
25.5,1916,31
25.5,1917,31
25.5,1918,31
25.5,1919,31
25.5,1920,32
25.5,1921,32
25.5,1922,32
25.5,1923,32
25.5,1924,32
25.5,1925,32
25.5,1926,32
25.5,1927,32
25.5,1928,32
25.5,1929,32
25.5,1930,32
25.5,1931,32
25.5,1932,32
25.5,1933,32
25.5,1934,32
25.5,1935,32
25.5,1936,32
25.5,1937,32
25.5,1938,32
25.5,1939,32
25.5,1940,32
26.0,1941,32
26.5,1942,32
27.0,1943,32
27.5,1944,32
28.0,1945,32
28.5,1946,32
29.0,1947,32
29.5,1948,32
30.0,1949,32
30.5,1950,32
31.0,1951,32
31.5,1952,32
32.0,1953,32
32.5,1954,32
33.0,1955,32
33.5,1956,32
34.0,1957,32
34.5,1958,32
35.0,1959,32
35.5,1960,32
36.0,1961,32
36.5,1962,32
37.0,1963,32
37.5,1964,32
38.0,1965,32
38.5,1966,32
39.0,1967,32
39.5,1968,32
40.0,1969,32
40.5,1970,32
41.0,1971,32
41.5,1972,32
42.0,1973,32
42.5,1974,32
43.0,1975,32
43.5,1976,32
44.0,1977,32
44.5,1978,32
45.0,1979,32
45.5,1980,33
46.0,1981,33
46.5,1982,33
47.0,1983,33
47.5,1984,33
48.0,1985,33
48.5,1986,33
49.0,1987,33
49.5,1988,33
50.0,1989,33
50.5,1990,33
51.0,1991,33
51.5,1992,33
52.0,1993,33
52.5,1994,33
53.0,1995,33
53.5,1996,33
54.0,1997,33
54.5,1998,33
55.0,1999,33
55.5,2000,33
56.0,2001,33
56.5,2002,33
57.0,2003,33
57.5,2004,33
58.0,2005,33
58.5,2006,33
59.0,2007,33
59.5,2008,33
60.0,2009,33
60.5,2010,33
61.0,2011,33
61.5,2012,33
62.0,2013,33
62.5,2014,33
63.0,2015,33
63.5,2016,33
64.0,2017,33
64.5,2018,33
65.0,2019,33
65.5,2020,33
66.0,2021,33
66.5,2022,33
67.0,2023,33
67.5,2024,33
68.0,2025,33
68.5,2026,33
69.0,2027,33
69.5,2028,33
70.0,2029,33
70.5,2030,33
71.0,2031,33
71.5,2032,33
72.0,2033,33
72.5,2034,33
73.0,2035,33
73.5,2036,33
74.0,2037,33
74.5,2038,33
75.0,2039,33
75.5,2040,34
76.0,2041,34
76.5,2042,34
77.0,2043,34
77.5,2044,34
78.0,2045,34
78.5,2046,34
79.0,2047,34
79.5,2048,34
80.0,2049,34
80.5,2050,34
81.0,2051,34
81.5,2052,34
82.0,2053,34
82.5,2054,34
83.0,2055,34
83.5,2056,34
84.0,2057,34
84.5,2058,34
85.0,2059,34
85.5,2060,34
86.0,2061,34
86.5,2062,34
87.0,2063,34
87.5,2064,34
88.0,2065,34
88.5,2066,34
89.0,2067,34
89.5,2068,34
90.0,2069,34
90.5,2070,34
91.0,2071,34
91.5,2072,34
92.0,2073,34
92.5,2074,34
93.0,2075,34
93.5,2076,34
94.0,2077,34
94.5,2078,34
95.0,2079,34
95.5,2080,34
96.0,2081,34
96.5,2082,34
97.0,2083,34
97.5,2084,34
98.0,2085,34
98.5,2086,34
99.0,2087,34
99.5,2088,34
100.0,2089,34
100.5,2090,34
101.0,2091,34
101.5,2092,34
102.0,2093,34
102.5,2094,34
103.0,2095,34
103.5,2096,34
104.0,2097,34
104.5,2098,34
105.0,2099,34
105.5,2100,35
106.0,2101,35
106.5,2102,35
107.0,2103,35
107.5,2104,35
108.0,2105,35
108.5,2106,35
109.0,2107,35
109.5,2108,35
110.0,2109,35
110.5,2110,35
111.0,2111,35
111.5,2112,35
112.0,2113,35
112.5,2114,35
113.0,2115,35
113.5,2116,35
114.0,2117,35
114.5,2118,35
115.0,2119,35
115.5,2120,35
116.0,2121,35
116.5,2122,35
117.0,2123,35
117.5,2124,35
118.0,2125,35
118.5,2126,35
119.0,2127,35
119.5,2128,35
120.0,2129,35
120.5,2130,35
121.0,2131,35
121.5,2132,35
122.0,2133,35
122.5,2134,35
123.0,2135,35
123.5,2136,35
124.0,2137,35
124.5,2138,35
125.0,2139,35
125.5,2140,35
126.0,2141,35
126.5,2142,35
127.0,2143,35
127.5,2144,35
128.0,2145,35
128.5,2146,35
129.0,2147,35
129.5,2148,35
130.0,2149,35
130.5,2150,35
131.0,2151,35
131.5,2152,35
132.0,2153,35
132.5,2154,35
133.0,2155,35
133.5,2156,35
134.0,2157,35
134.5,2158,35
135.0,2159,35
135.5,2160,36
136.0,2161,36
136.5,2162,36
137.0,2163,36
137.5,2164,36
138.0,2165,36
138.5,2166,36
139.0,2167,36
139.5,2168,36
140.0,2169,36
140.5,2170,36
141.0,2171,36
141.5,2172,36
142.0,2173,36
142.5,2174,36
143.0,2175,36
143.5,2176,36
144.0,2177,36
144.5,2178,36
145.0,2179,36
145.5,2180,36
146.0,2181,36
146.5,2182,36
147.0,2183,36
147.5,2184,36
148.0,2185,36
148.5,2186,36
149.0,2187,36
149.5,2188,36
150.0,2189,36
150.5,2190,36
151.0,2191,36
151.5,2192,36
152.0,2193,36
152.5,2194,36
153.0,2195,36
153.5,2196,36
154.0,2197,36
154.5,2198,36
155.0,2199,36
155.5,2200,36
156.0,2201,36
156.5,2202,36
157.0,2203,36
157.5,2204,36
158.0,2205,36
158.5,2206,36
159.0,2207,36
159.5,2208,36
160.0,2209,36
160.5,2210,36
161.0,2211,36
161.5,2212,36
162.0,2213,36
162.5,2214,36
163.0,2215,36
163.5,2216,36
164.0,2217,36
164.5,2218,36
165.0,2219,36
165.5,2220,37
166.0,2221,37
166.5,2222,37
167.0,2223,37
167.5,2224,37
168.0,2225,37
168.5,2226,37
169.0,2227,37
169.5,2228,37
170.0,2229,37
170.5,2230,37
171.0,2231,37
171.5,2232,37
172.0,2233,37
172.5,2234,37
173.0,2235,37
173.5,2236,37
174.0,2237,37
174.5,2238,37
175.0,2239,37
175.5,2240,37
176.0,2241,37
176.5,2242,37
177.0,2243,37
177.5,2244,37
178.0,2245,37
178.5,2246,37
179.0,2247,37
179.5,2248,37
180.0,2249,37
180.5,2250,37
181.0,2251,37
181.5,2252,37
182.0,2253,37
182.5,2254,37
183.0,2255,37
183.5,2256,37
184.0,2257,37
184.5,2258,37
185.0,2259,37
185.5,2260,37
186.0,2261,37
186.5,2262,37
187.0,2263,37
187.5,2264,37
188.0,2265,37
188.5,2266,37
189.0,2267,37
189.5,2268,37
190.0,2269,37
190.5,2270,37
191.0,2271,37
191.5,2272,37
192.0,2273,37
192.5,2274,37
193.0,2275,37
193.5,2276,37
194.0,2277,37
194.5,2278,37
195.0,2279,37
195.5,2280,38
196.0,2281,38
196.5,2282,38
197.0,2283,38
197.5,2284,38
198.0,2285,38
198.5,2286,38
199.0,2287,38
199.5,2288,38
200.0,2289,38
200.5,2290,38
201.0,2291,38
201.5,2292,38
202.0,2293,38
202.5,2294,38
203.0,2295,38
203.5,2296,38
204.0,2297,38
204.5,2298,38
205.0,2299,38
205.0,2300,38
205.0,2301,38
205.0,2302,38
205.0,2303,38
205.0,2304,38
205.0,2305,38
205.0,2306,38
205.0,2307,38
205.0,2308,38
205.0,2309,38
205.0,2310,38
205.0,2311,38
205.0,2312,38
205.0,2313,38
205.0,2314,38
205.0,2315,38
205.0,2316,38
205.0,2317,38
205.0,2318,38
205.0,2319,38
205.0,2320,38
205.0,2321,38
205.0,2322,38
205.0,2323,38
205.0,2324,38
205.0,2325,38
205.0,2326,38
205.0,2327,38
205.0,2328,38
205.0,2329,38
205.0,2330,38
205.0,2331,38
205.0,2332,38
205.0,2333,38
205.0,2334,38
205.0,2335,38
205.0,2336,38
205.0,2337,38
205.0,2338,38
205.0,2339,38
205.0,2340,39
205.0,2341,39
205.0,2342,39
205.0,2343,39
205.0,2344,39
205.0,2345,39
205.0,2346,39
205.0,2347,39
205.0,2348,39
205.0,2349,39
205.0,2350,39
205.0,2351,39
205.0,2352,39
205.0,2353,39
205.0,2354,39
205.0,2355,39
205.0,2356,39
205.0,2357,39
205.0,2358,39
205.0,2359,39
205.0,2360,39
205.0,2361,39
205.0,2362,39
205.0,2363,39
205.0,2364,39
205.0,2365,39
205.0,2366,39
205.0,2367,39
205.0,2368,39
205.0,2369,39
205.0,2370,39
205.0,2371,39
205.0,2372,39
205.0,2373,39
205.0,2374,39
205.0,2375,39
205.0,2376,39
205.0,2377,39
205.0,2378,39
205.0,2379,39
205.0,2380,39
205.0,2381,39
205.0,2382,39
205.0,2383,39
205.0,2384,39
205.0,2385,39
205.0,2386,39
205.0,2387,39
205.0,2388,39
205.0,2389,39
205.0,2390,39
205.0,2391,39
205.0,2392,39
205.0,2393,39
205.0,2394,39
205.0,2395,39
205.0,2396,39
205.0,2397,39
205.0,2398,39
205.0,2399,39
205.0,2400,40
205.0,2401,40
205.0,2402,40
205.0,2403,40
205.0,2404,40
205.0,2405,40
205.0,2406,40
205.0,2407,40
205.0,2408,40
205.0,2409,40
205.0,2410,40
205.0,2411,40
205.0,2412,40
205.0,2413,40
205.0,2414,40
205.0,2415,40
205.0,2416,40
205.0,2417,40
205.0,2418,40
205.0,2419,40
205.0,2420,40
205.5,2421,40
206.0,2422,40
206.5,2423,40
207.0,2424,40
207.5,2425,40
208.0,2426,40
208.5,2427,40
209.0,2428,40
209.5,2429,40
210.0,2430,40
210.5,2431,40
211.0,2432,40
211.5,2433,40
212.0,2434,40
212.5,2435,40
213.0,2436,40
213.5,2437,40
214.0,2438,40
214.5,2439,40
215.0,2440,40
215.5,2441,40
216.0,2442,40
216.5,2443,40
217.0,2444,40
217.5,2445,40
218.0,2446,40
218.5,2447,40
219.0,2448,40
219.5,2449,40
220.0,2450,40
220.5,2451,40
221.0,2452,40
221.5,2453,40
222.0,2454,40
222.5,2455,40
223.0,2456,40
223.5,2457,40
224.0,2458,40
224.5,2459,40
225.0,2460,41
225.5,2461,41
226.0,2462,41
226.5,2463,41
227.0,2464,41
227.5,2465,41
228.0,2466,41
228.5,2467,41
229.0,2468,41
229.5,2469,41
230.0,2470,41
230.5,2471,41
231.0,2472,41
231.5,2473,41
232.0,2474,41
232.5,2475,41
233.0,2476,41
233.5,2477,41
234.0,2478,41
234.5,2479,41
235.0,2480,41
235.5,2481,41
236.0,2482,41
236.5,2483,41
237.0,2484,41
237.5,2485,41
238.0,2486,41
238.5,2487,41
239.0,2488,41
239.5,2489,41
240.0,2490,41
240.5,2491,41
241.0,2492,41
241.5,2493,41
242.0,2494,41
242.5,2495,41
243.0,2496,41
243.5,2497,41
244.0,2498,41
244.5,2499,41
245.0,2500,41
245.5,2501,41
246.0,2502,41
246.5,2503,41
247.0,2504,41
247.5,2505,41
248.0,2506,41
248.5,2507,41
249.0,2508,41
249.5,2509,41
250.0,2510,41
250.5,2511,41
251.0,2512,41
251.5,2513,41
252.0,2514,41
252.5,2515,41
253.0,2516,41
253.5,2517,41
254.0,2518,41
254.5,2519,41
254.5,2520,42
254.5,2521,42
254.5,2522,42
254.5,2523,42
254.5,2524,42
254.5,2525,42
254.5,2526,42
254.5,2527,42
254.5,2528,42
254.5,2529,42
254.5,2530,42
254.5,2531,42
254.5,2532,42
254.5,2533,42
254.5,2534,42
254.5,2535,42
254.5,2536,42
254.5,2537,42
254.5,2538,42
254.5,2539,42
254.5,2540,42
254.5,2541,42
254.5,2542,42
254.5,2543,42
254.5,2544,42
254.5,2545,42
254.5,2546,42
254.5,2547,42
254.5,2548,42
254.5,2549,42
254.5,2550,42
254.5,2551,42
254.5,2552,42
254.5,2553,42
254.5,2554,42
254.5,2555,42
254.5,2556,42
254.5,2557,42
254.5,2558,42
254.5,2559,42
254.5,2560,42
254.5,2561,42
254.5,2562,42
254.5,2563,42
254.5,2564,42
254.5,2565,42
254.5,2566,42
254.5,2567,42
254.5,2568,42
254.5,2569,42
254.5,2570,42
254.5,2571,42
254.5,2572,42
254.5,2573,42
254.5,2574,42
254.5,2575,42
254.5,2576,42
254.5,2577,42
254.5,2578,42
254.5,2579,42
254.5,2580,43
254.5,2581,43
254.5,2582,43
254.5,2583,43
254.5,2584,43
254.5,2585,43
254.5,2586,43
254.5,2587,43
254.5,2588,43
254.5,2589,43
254.5,2590,43
254.5,2591,43
254.5,2592,43
254.5,2593,43
254.5,2594,43
254.5,2595,43
254.5,2596,43
254.5,2597,43
254.5,2598,43
254.5,2599,43
254.5,2600,43
254.5,2601,43
254.5,2602,43
254.5,2603,43
254.5,2604,43
254.5,2605,43
254.5,2606,43
254.5,2607,43
254.5,2608,43
254.5,2609,43
254.5,2610,43
254.5,2611,43
254.5,2612,43
254.5,2613,43
254.5,2614,43
254.5,2615,43
254.5,2616,43
254.5,2617,43
254.5,2618,43
254.5,2619,43
254.5,2620,43
254.5,2621,43
254.5,2622,43
254.5,2623,43
254.5,2624,43
254.5,2625,43
254.5,2626,43
254.5,2627,43
254.5,2628,43
254.5,2629,43
254.5,2630,43
254.5,2631,43
254.5,2632,43
254.5,2633,43
254.5,2634,43
254.5,2635,43
254.5,2636,43
254.5,2637,43
254.5,2638,43
254.5,2639,43
254.5,2640,44
254.5,2641,44
254.5,2642,44
254.5,2643,44
254.5,2644,44
254.5,2645,44
254.5,2646,44
254.5,2647,44
254.5,2648,44
254.5,2649,44
254.5,2650,44
254.5,2651,44
254.5,2652,44
254.5,2653,44
254.5,2654,44
254.5,2655,44
254.5,2656,44
254.5,2657,44
254.5,2658,44
254.5,2659,44
254.5,2660,44
254.5,2661,44
254.5,2662,44
254.5,2663,44
254.5,2664,44
254.5,2665,44
254.5,2666,44
254.5,2667,44
254.5,2668,44
254.5,2669,44
254.5,2670,44
254.5,2671,44
254.5,2672,44
254.5,2673,44
254.5,2674,44
254.5,2675,44
254.5,2676,44
254.5,2677,44
254.5,2678,44
254.5,2679,44
254.5,2680,44
254.5,2681,44
254.5,2682,44
254.5,2683,44
254.5,2684,44
254.5,2685,44
254.5,2686,44
254.5,2687,44
254.5,2688,44
254.5,2689,44
254.5,2690,44
254.5,2691,44
254.5,2692,44
254.5,2693,44
254.5,2694,44
254.5,2695,44
254.5,2696,44
254.5,2697,44
254.5,2698,44
254.5,2699,44
254.5,2700,45
254.5,2701,45
254.5,2702,45
254.5,2703,45
254.5,2704,45
254.5,2705,45
254.5,2706,45
254.5,2707,45
254.5,2708,45
254.5,2709,45
254.5,2710,45
254.5,2711,45
254.5,2712,45
254.5,2713,45
254.5,2714,45
254.5,2715,45
254.5,2716,45
254.5,2717,45
254.5,2718,45
254.5,2719,45
254.5,2720,45
254.5,2721,45
254.5,2722,45
254.5,2723,45
254.5,2724,45
254.5,2725,45
254.5,2726,45
254.5,2727,45
254.5,2728,45
254.5,2729,45
254.5,2730,45
254.5,2731,45
254.5,2732,45
254.5,2733,45
254.5,2734,45
254.5,2735,45
254.5,2736,45
254.5,2737,45
254.5,2738,45
254.5,2739,45
254.5,2740,45
254.5,2741,45
254.5,2742,45
254.5,2743,45
254.5,2744,45
254.5,2745,45
254.5,2746,45
254.5,2747,45
254.5,2748,45
254.5,2749,45
254.5,2750,45
254.5,2751,45
254.5,2752,45
254.5,2753,45
254.5,2754,45
254.5,2755,45
254.5,2756,45
254.5,2757,45
254.5,2758,45
254.5,2759,45
254.5,2760,46
254.5,2761,46
254.5,2762,46
254.5,2763,46
254.5,2764,46
254.5,2765,46
254.5,2766,46
254.5,2767,46
254.5,2768,46
254.5,2769,46
254.5,2770,46
254.5,2771,46
254.5,2772,46
254.5,2773,46
254.5,2774,46
254.5,2775,46
254.5,2776,46
254.5,2777,46
254.5,2778,46
254.5,2779,46
254.5,2780,46
254.5,2781,46
254.5,2782,46
254.5,2783,46
254.5,2784,46
254.5,2785,46
254.5,2786,46
254.5,2787,46
254.5,2788,46
254.5,2789,46
254.5,2790,46
254.5,2791,46
254.5,2792,46
254.5,2793,46
254.5,2794,46
254.5,2795,46
254.5,2796,46
254.5,2797,46
254.5,2798,46
254.5,2799,46
254.5,2800,46
254.5,2801,46
254.5,2802,46
254.5,2803,46
254.5,2804,46
254.5,2805,46
254.5,2806,46
254.5,2807,46
254.5,2808,46
254.5,2809,46
254.5,2810,46
254.5,2811,46
254.5,2812,46
254.5,2813,46
254.5,2814,46
254.5,2815,46
254.5,2816,46
254.5,2817,46
254.5,2818,46
254.5,2819,46
254.5,2820,47
254.0,2821,47
253.5,2822,47
253.0,2823,47
252.5,2824,47
252.0,2825,47
251.5,2826,47
251.0,2827,47
250.5,2828,47
250.0,2829,47
249.5,2830,47
249.0,2831,47
248.5,2832,47
248.0,2833,47
247.5,2834,47
247.0,2835,47
246.5,2836,47
246.0,2837,47
245.5,2838,47
245.0,2839,47
244.5,2840,47
244.0,2841,47
243.5,2842,47
243.0,2843,47
242.5,2844,47
242.0,2845,47
241.5,2846,47
241.0,2847,47
240.5,2848,47
240.0,2849,47
239.5,2850,47
239.0,2851,47
238.5,2852,47
238.0,2853,47
237.5,2854,47
237.0,2855,47
236.5,2856,47
236.0,2857,47
235.5,2858,47
235.0,2859,47
234.5,2860,47
234.0,2861,47
233.5,2862,47
233.0,2863,47
232.5,2864,47
232.0,2865,47
231.5,2866,47
231.0,2867,47
230.5,2868,47
230.0,2869,47
229.5,2870,47
229.0,2871,47
228.5,2872,47
228.0,2873,47
227.5,2874,47
227.0,2875,47
226.5,2876,47
226.0,2877,47
225.5,2878,47
225.0,2879,47
224.5,2880,48
224.0,2881,48
223.5,2882,48
223.0,2883,48
222.5,2884,48
222.0,2885,48
221.5,2886,48
221.0,2887,48
220.5,2888,48
220.0,2889,48
219.5,2890,48
219.0,2891,48
218.5,2892,48
218.0,2893,48
217.5,2894,48
217.0,2895,48
216.5,2896,48
216.0,2897,48
215.5,2898,48
215.0,2899,48
214.5,2900,48
214.0,2901,48
213.5,2902,48
213.0,2903,48
212.5,2904,48
212.0,2905,48
211.5,2906,48
211.0,2907,48
210.5,2908,48
210.0,2909,48
209.5,2910,48
209.0,2911,48
208.5,2912,48
208.0,2913,48
207.5,2914,48
207.0,2915,48
206.5,2916,48
206.0,2917,48
205.5,2918,48
205.0,2919,48
204.5,2920,48
204.0,2921,48
203.5,2922,48
203.0,2923,48
202.5,2924,48
202.0,2925,48
201.5,2926,48
201.0,2927,48
200.5,2928,48
200.0,2929,48
199.5,2930,48
199.0,2931,48
198.5,2932,48
198.0,2933,48
197.5,2934,48
197.0,2935,48
196.5,2936,48
196.0,2937,48
195.5,2938,48
195.0,2939,48
194.5,2940,49
194.0,2941,49
193.5,2942,49
193.0,2943,49
192.5,2944,49
192.0,2945,49
191.5,2946,49
191.0,2947,49
190.5,2948,49
190.0,2949,49
189.5,2950,49
189.0,2951,49
188.5,2952,49
188.0,2953,49
187.5,2954,49
187.0,2955,49
186.5,2956,49
186.0,2957,49
185.5,2958,49
185.0,2959,49
184.5,2960,49
184.0,2961,49
183.5,2962,49
183.0,2963,49
182.5,2964,49
182.0,2965,49
181.5,2966,49
181.0,2967,49
180.5,2968,49
180.0,2969,49
179.5,2970,49
179.0,2971,49
178.5,2972,49
178.0,2973,49
177.5,2974,49
177.0,2975,49
176.5,2976,49
176.0,2977,49
175.5,2978,49
175.0,2979,49
174.5,2980,49
174.0,2981,49
173.5,2982,49
173.0,2983,49
172.5,2984,49
172.0,2985,49
171.5,2986,49
171.0,2987,49
170.5,2988,49
170.0,2989,49
169.5,2990,49
169.0,2991,49
168.5,2992,49
168.0,2993,49
167.5,2994,49
167.0,2995,49
166.5,2996,49
166.0,2997,49
165.5,2998,49
165.0,2999,49
165.0,3000,50
165.0,3001,50
165.0,3002,50
165.0,3003,50
165.0,3004,50
165.0,3005,50
165.0,3006,50
165.0,3007,50
165.0,3008,50
165.0,3009,50
165.0,3010,50
165.0,3011,50
165.0,3012,50
165.0,3013,50
165.0,3014,50
165.0,3015,50
165.0,3016,50
165.0,3017,50
165.0,3018,50
165.0,3019,50
165.0,3020,50
165.0,3021,50
165.0,3022,50
165.0,3023,50
165.0,3024,50
165.0,3025,50
165.0,3026,50
165.0,3027,50
165.0,3028,50
165.0,3029,50
165.0,3030,50
165.0,3031,50
165.0,3032,50
165.0,3033,50
165.0,3034,50
165.0,3035,50
165.0,3036,50
165.0,3037,50
165.0,3038,50
165.0,3039,50
165.0,3040,50
165.0,3041,50
165.0,3042,50
165.0,3043,50
165.0,3044,50
165.0,3045,50
165.0,3046,50
165.0,3047,50
165.0,3048,50
165.0,3049,50
165.0,3050,50
165.0,3051,50
165.0,3052,50
165.0,3053,50
165.0,3054,50
165.0,3055,50
165.0,3056,50
165.0,3057,50
165.0,3058,50
165.0,3059,50
165.0,3060,51
165.0,3061,51
165.0,3062,51
165.0,3063,51
165.0,3064,51
165.0,3065,51
165.0,3066,51
165.0,3067,51
165.0,3068,51
165.0,3069,51
165.0,3070,51
165.0,3071,51
165.0,3072,51
165.0,3073,51
165.0,3074,51
165.0,3075,51
165.0,3076,51
165.0,3077,51
165.0,3078,51
165.0,3079,51
165.0,3080,51
165.0,3081,51
165.0,3082,51
165.0,3083,51
165.0,3084,51
165.0,3085,51
165.0,3086,51
165.0,3087,51
165.0,3088,51
165.0,3089,51
165.0,3090,51
165.0,3091,51
165.0,3092,51
165.0,3093,51
165.0,3094,51
165.0,3095,51
165.0,3096,51
165.0,3097,51
165.0,3098,51
165.0,3099,51
165.0,3100,51
165.0,3101,51
165.0,3102,51
165.0,3103,51
165.0,3104,51
165.0,3105,51
165.0,3106,51
165.0,3107,51
165.0,3108,51
165.0,3109,51
165.0,3110,51
165.0,3111,51
165.0,3112,51
165.0,3113,51
165.0,3114,51
165.0,3115,51
165.0,3116,51
165.0,3117,51
165.0,3118,51
165.0,3119,51
165.0,3120,52
164.5,3121,52
164.0,3122,52
163.5,3123,52
163.0,3124,52
162.5,3125,52
162.0,3126,52
161.5,3127,52
161.0,3128,52
160.5,3129,52
160.0,3130,52
159.5,3131,52
159.0,3132,52
158.5,3133,52
158.0,3134,52
157.5,3135,52
157.0,3136,52
156.5,3137,52
156.0,3138,52
155.5,3139,52
155.0,3140,52
154.5,3141,52
154.0,3142,52
153.5,3143,52
153.0,3144,52
152.5,3145,52
152.0,3146,52
151.5,3147,52
151.0,3148,52
150.5,3149,52
150.0,3150,52
149.5,3151,52
149.0,3152,52
148.5,3153,52
148.0,3154,52
147.5,3155,52
147.0,3156,52
146.5,3157,52
146.0,3158,52
145.5,3159,52
145.0,3160,52
144.5,3161,52
144.0,3162,52
143.5,3163,52
143.0,3164,52
142.5,3165,52
142.0,3166,52
141.5,3167,52
141.0,3168,52
140.5,3169,52
140.0,3170,52
139.5,3171,52
139.0,3172,52
138.5,3173,52
138.0,3174,52
137.5,3175,52
137.0,3176,52
136.5,3177,52
136.0,3178,52
135.5,3179,52
135.0,3180,53
134.5,3181,53
134.0,3182,53
133.5,3183,53
133.0,3184,53
132.5,3185,53
132.0,3186,53
131.5,3187,53
131.0,3188,53
130.5,3189,53
130.0,3190,53
129.5,3191,53
129.0,3192,53
128.5,3193,53
128.0,3194,53
127.5,3195,53
127.0,3196,53
126.5,3197,53
126.0,3198,53
125.5,3199,53
125.0,3200,53
124.5,3201,53
124.0,3202,53
123.5,3203,53
123.0,3204,53
122.5,3205,53
122.0,3206,53
121.5,3207,53
121.0,3208,53
120.5,3209,53
120.0,3210,53
119.5,3211,53
119.0,3212,53
118.5,3213,53
118.0,3214,53
117.5,3215,53
117.0,3216,53
116.5,3217,53
116.0,3218,53
115.5,3219,53
115.0,3220,53
114.5,3221,53
114.0,3222,53
113.5,3223,53
113.0,3224,53
112.5,3225,53
112.0,3226,53
111.5,3227,53
111.0,3228,53
110.5,3229,53
110.0,3230,53
109.5,3231,53
109.0,3232,53
108.5,3233,53
108.0,3234,53
107.5,3235,53
107.0,3236,53
106.5,3237,53
106.0,3238,53
105.5,3239,53
105.0,3240,54
104.5,3241,54
104.0,3242,54
103.5,3243,54
103.0,3244,54
102.5,3245,54
102.0,3246,54
101.5,3247,54
101.0,3248,54
100.5,3249,54
100.0,3250,54
99.5,3251,54
99.0,3252,54
98.5,3253,54
98.0,3254,54
97.5,3255,54
97.0,3256,54
96.5,3257,54
96.0,3258,54
95.5,3259,54
95.0,3260,54
94.5,3261,54
94.0,3262,54
93.5,3263,54
93.0,3264,54
92.5,3265,54
92.0,3266,54
91.5,3267,54
91.0,3268,54
90.5,3269,54
90.0,3270,54
89.5,3271,54
89.0,3272,54
88.5,3273,54
88.0,3274,54
87.5,3275,54
87.0,3276,54
86.5,3277,54
86.0,3278,54
85.5,3279,54
85.0,3280,54
84.5,3281,54
84.0,3282,54
83.5,3283,54
83.0,3284,54
82.5,3285,54
82.0,3286,54
81.5,3287,54
81.0,3288,54
80.5,3289,54
80.0,3290,54
79.5,3291,54
79.0,3292,54
78.5,3293,54
78.0,3294,54
77.5,3295,54
77.0,3296,54
76.5,3297,54
76.0,3298,54
75.5,3299,54
75.0,3300,55
74.5,3301,55
74.0,3302,55
73.5,3303,55
73.0,3304,55
72.5,3305,55
72.0,3306,55
71.5,3307,55
71.0,3308,55
70.5,3309,55
70.0,3310,55
69.5,3311,55
69.0,3312,55
68.5,3313,55
68.0,3314,55
67.5,3315,55
67.0,3316,55
66.5,3317,55
66.0,3318,55
65.5,3319,55
65.0,3320,55
64.5,3321,55
64.0,3322,55
63.5,3323,55
63.0,3324,55
62.5,3325,55
62.0,3326,55
61.5,3327,55
61.0,3328,55
60.5,3329,55
60.0,3330,55
59.5,3331,55
59.0,3332,55
58.5,3333,55
58.0,3334,55
57.5,3335,55
57.0,3336,55
56.5,3337,55
56.0,3338,55
55.5,3339,55
55.0,3340,55
54.5,3341,55
54.0,3342,55
53.5,3343,55
53.0,3344,55
52.5,3345,55
52.0,3346,55
51.5,3347,55
51.0,3348,55
50.5,3349,55
50.0,3350,55
49.5,3351,55
49.0,3352,55
48.5,3353,55
48.0,3354,55
47.5,3355,55
47.0,3356,55
46.5,3357,55
46.0,3358,55
45.5,3359,55
45.5,3360,56
45.5,3361,56
45.5,3362,56
45.5,3363,56
45.5,3364,56
45.5,3365,56
45.5,3366,56
45.5,3367,56
45.5,3368,56
45.5,3369,56
45.5,3370,56
45.5,3371,56
45.5,3372,56
45.5,3373,56
45.5,3374,56
45.5,3375,56
45.5,3376,56
45.5,3377,56
45.5,3378,56
45.5,3379,56
45.5,3380,56
45.5,3381,56
45.5,3382,56
45.5,3383,56
45.5,3384,56
45.5,3385,56
45.5,3386,56
45.5,3387,56
45.5,3388,56
45.5,3389,56
45.5,3390,56
45.5,3391,56
45.5,3392,56
45.5,3393,56
45.5,3394,56
45.5,3395,56
45.5,3396,56
45.5,3397,56
45.5,3398,56
45.5,3399,56
45.5,3400,56
45.5,3401,56
45.5,3402,56
45.5,3403,56
45.5,3404,56
45.5,3405,56
45.5,3406,56
45.5,3407,56
45.5,3408,56
45.5,3409,56
45.5,3410,56
45.5,3411,56
45.5,3412,56
45.5,3413,56
45.5,3414,56
45.5,3415,56
45.5,3416,56
45.5,3417,56
45.5,3418,56
45.5,3419,56
45.5,3420,57
45.5,3421,57
45.5,3422,57
45.5,3423,57
45.5,3424,57
45.5,3425,57
45.5,3426,57
45.5,3427,57
45.5,3428,57
45.5,3429,57
45.5,3430,57
45.5,3431,57
45.5,3432,57
45.5,3433,57
45.5,3434,57
45.5,3435,57
45.5,3436,57
45.5,3437,57
45.5,3438,57
45.5,3439,57
45.5,3440,57
45.5,3441,57
45.5,3442,57
45.5,3443,57
45.5,3444,57
45.5,3445,57
45.5,3446,57
45.5,3447,57
45.5,3448,57
45.5,3449,57
45.5,3450,57
45.5,3451,57
45.5,3452,57
45.5,3453,57
45.5,3454,57
45.5,3455,57
45.5,3456,57
45.5,3457,57
45.5,3458,57
45.5,3459,57
45.5,3460,57
45.5,3461,57
45.5,3462,57
45.5,3463,57
45.5,3464,57
45.5,3465,57
45.5,3466,57
45.5,3467,57
45.5,3468,57
45.5,3469,57
45.5,3470,57
45.5,3471,57
45.5,3472,57
45.5,3473,57
45.5,3474,57
45.5,3475,57
45.5,3476,57
45.5,3477,57
45.5,3478,57
45.5,3479,57
45.5,3480,58
45.5,3481,58
45.5,3482,58
45.5,3483,58
45.5,3484,58
45.5,3485,58
45.5,3486,58
45.5,3487,58
45.5,3488,58
45.5,3489,58
45.5,3490,58
45.5,3491,58
45.5,3492,58
45.5,3493,58
45.5,3494,58
45.5,3495,58
45.5,3496,58
45.5,3497,58
45.5,3498,58
45.5,3499,58
45.5,3500,58
45.5,3501,58
45.5,3502,58
45.5,3503,58
45.5,3504,58
45.5,3505,58
45.5,3506,58
45.5,3507,58
45.5,3508,58
45.5,3509,58
45.5,3510,58
45.5,3511,58
45.5,3512,58
45.5,3513,58
45.5,3514,58
45.5,3515,58
45.5,3516,58
45.5,3517,58
45.5,3518,58
45.5,3519,58
45.5,3520,58
45.5,3521,58
45.5,3522,58
45.5,3523,58
45.5,3524,58
45.5,3525,58
45.5,3526,58
45.5,3527,58
45.5,3528,58
45.5,3529,58
45.5,3530,58
45.5,3531,58
45.5,3532,58
45.5,3533,58
45.5,3534,58
45.5,3535,58
45.5,3536,58
45.5,3537,58
45.5,3538,58
45.5,3539,58
45.5,3540,59
45.5,3541,59
45.5,3542,59
45.5,3543,59
45.5,3544,59
45.5,3545,59
45.5,3546,59
45.5,3547,59
45.5,3548,59
45.5,3549,59
45.5,3550,59
45.5,3551,59
45.5,3552,59
45.5,3553,59
45.5,3554,59
45.5,3555,59
45.5,3556,59
45.5,3557,59
45.5,3558,59
45.5,3559,59
45.5,3560,59
45.5,3561,59
45.5,3562,59
45.5,3563,59
45.5,3564,59
45.5,3565,59
45.5,3566,59
45.5,3567,59
45.5,3568,59
45.5,3569,59
45.5,3570,59
45.5,3571,59
45.5,3572,59
45.5,3573,59
45.5,3574,59
45.5,3575,59
45.5,3576,59
45.5,3577,59
45.5,3578,59
45.5,3579,59
45.5,3580,59
45.5,3581,59
45.5,3582,59
45.5,3583,59
45.5,3584,59
45.5,3585,59
45.5,3586,59
45.5,3587,59
45.5,3588,59
45.5,3589,59
45.5,3590,59
45.5,3591,59
45.5,3592,59
45.5,3593,59
45.5,3594,59
45.5,3595,59
45.5,3596,59
45.5,3597,59
45.5,3598,59
45.5,3599,59
45.5,3600,60